id,course_name,category,description,price,level,status
101,CA Foundation Complete Course,CA,"Complete CA Foundation preparation covering Accounts, Law, Economics and Quantitative Aptitude.",9999,Beginner,Active
102,CA Intermediate Group 1,CA,"Preparation for Advanced Accounting, Corporate Law, Taxation and Cost Management.",14999,Intermediate,Active
103,CA Intermediate Group 2,CA,"Preparation for Auditing, Strategic Management, Financial Management and Strategic Cost Management.",13999,Intermediate,Active
104,CS Executive Complete Course,CS,Complete preparation course for CS Executive-level subjects.,12999,Intermediate,Active
105,CMA Foundation Course,CMA,"Foundation course covering Accounting, Economics, Business Laws and Mathematics.",8999,Beginner,Active
106,CMA Intermediate Complete Course,CMA,"CMA Intermediate preparation covering accounting, taxation, costing, laws and financial management.",14999,Intermediate,Active
107,GST Certification Course,Certification,"Practical GST course covering registration, returns, input tax credit and compliance.",4999,Beginner,Active
108,Financial Modelling Course,Finance,"Financial modelling covering Excel, financial statements, valuation and forecasting.",5999,Intermediate,Active
109,Investment Banking Fundamentals,Finance,"Introduction to investment banking, valuation, financial modelling, M&A and deal processes.",6999,Beginner,Active
110,Excel for Finance,Finance,"Excel course focused on financial analysis, formulas, dashboards and reporting.",2999,Beginner,Active
111,Python for Beginners,Technology,"Introduction to Python covering fundamentals, functions, data structures and basic projects.",3999,Beginner,Active
112,AI & Generative AI Fundamentals,Technology,"Introduction to AI, LLMs, prompt engineering and generative AI applications.",4999,Beginner,Active
113,Advanced Excel & Power BI,Technology,Advanced Excel and Power BI covering data analysis and business dashboards.,5499,Intermediate,Active
114,Business Analytics Course,Technology,"Business analytics covering data analysis, visualization, Excel and SQL.",6499,Intermediate,Active
115,Corporate Finance Essentials,Finance,"Course covering financial statements, capital budgeting and corporate financial decisions.",4499,Intermediate,Inactive
116,AWS DevOps Engineer Professional: Frameworks & Best Practices,Cloud Computing,"Comprehensive training program focusing on aws devops engineer professional with practical focus on frameworks & best practices, case studies, and hands-on exercises.",8999,Advanced,Active
117,Drafting Commercial Contracts & Service Agreements: Zero to Hero,Law,"Comprehensive training program focusing on drafting commercial contracts & service agreements with practical focus on zero to hero, case studies, and hands-on exercises.",4499,Beginner,Active
118,Direct Tax Withholding (TDS/TCS) Compliance - Comprehensive Guide,Taxation,"Comprehensive training program focusing on direct tax withholding (tds/tcs) compliance with practical focus on comprehensive guide, case studies, and hands-on exercises.",5499,Intermediate,Active
119,Certified Information Security Manager (CISM) - Frameworks & Best Practices,Certification,"Comprehensive training program focusing on certified information security manager (cism) with practical focus on frameworks & best practices, case studies, and hands-on exercises.",7999,Intermediate,Active
120,ESG Investing & Sustainable Finance Frameworks - Specialization,Finance,"Comprehensive training program focusing on esg investing & sustainable finance frameworks with practical focus on specialization, case studies, and hands-on exercises.",6999,Intermediate,Active
121,CMA Final Corporate Laws & Compliance: Zero to Hero,CMA,"Comprehensive training program focusing on cma final corporate laws & compliance with practical focus on zero to hero, case studies, and hands-on exercises.",6999,Beginner,Active
122,Fundamentals: Global Supply Chain & Procurement Strategy,Management,"Comprehensive training program focusing on global supply chain & procurement strategy with practical focus on fundamentals, case studies, and hands-on exercises.",4499,Beginner,Active
123,Time Series Forecasting & Anomaly Detection: Fundamentals,Data Science,"Comprehensive training program focusing on time series forecasting & anomaly detection with practical focus on fundamentals, case studies, and hands-on exercises.",5499,Beginner,Active
124,Frameworks & Best Practices: Treasury & Balance Sheet Management,Banking,"Comprehensive training program focusing on treasury & balance sheet management with practical focus on frameworks & best practices, case studies, and hands-on exercises.",5999,Intermediate,Active
125,Comprehensive Guide: Deep Learning & Neural Architectures with PyTorch,Data Science,"Comprehensive training program focusing on deep learning & neural architectures with pytorch with practical focus on comprehensive guide, case studies, and hands-on exercises.",10499,Advanced,Active
126,Advanced SQL for Data Analytics & Warehousing - Mastery,Business Analytics,"Comprehensive training program focusing on advanced sql for data analytics & warehousing with practical focus on mastery, case studies, and hands-on exercises.",7999,Advanced,Active
127,Certification Prep: CMA Final Indirect Tax Laws & Practice,CMA,"Comprehensive training program focusing on cma final indirect tax laws & practice with practical focus on certification prep, case studies, and hands-on exercises.",13499,Advanced,Active
128,Advanced Practice: CMA Intermediate Cost Accounting,CMA,"Comprehensive training program focusing on cma intermediate cost accounting with practical focus on advanced practice, case studies, and hands-on exercises.",13499,Advanced,Active
129,Valuation under Companies Act - Crash Course,CA,"Comprehensive training program focusing on valuation under companies act with practical focus on crash course, case studies, and hands-on exercises.",10999,Intermediate,Active
130,In-Depth Series: Hybrid Cloud Networking & ExpressRoute/DirectConnect,Cloud Computing,"Comprehensive training program focusing on hybrid cloud networking & expressroute/directconnect with practical focus on in-depth series, case studies, and hands-on exercises.",6499,Intermediate,Inactive
131,CS Executive Securities Laws & Capital Markets: Certification Prep,CS,"Comprehensive training program focusing on cs executive securities laws & capital markets with practical focus on certification prep, case studies, and hands-on exercises.",9999,Intermediate,Active
132,MLOps: Production ML Pipelines with MLflow - Fundamentals,Data Science,"Comprehensive training program focusing on mlops: production ml pipelines with mlflow with practical focus on fundamentals, case studies, and hands-on exercises.",5499,Beginner,Active
133,Big Data Processing with Databricks & PySpark: In-Depth Series,Data Science,"Comprehensive training program focusing on big data processing with databricks & pyspark with practical focus on in-depth series, case studies, and hands-on exercises.",7499,Intermediate,Active
134,Big Data Processing with Databricks & PySpark: Practical Applications,Data Science,"Comprehensive training program focusing on big data processing with databricks & pyspark with practical focus on practical applications, case studies, and hands-on exercises.",7499,Intermediate,Active
135,Tax Audits under Section 44AB - Certification Prep,Taxation,"Comprehensive training program focusing on tax audits under section 44ab with practical focus on certification prep, case studies, and hands-on exercises.",5499,Intermediate,Active
136,Frameworks & Best Practices: AWS Certified Solutions Architect Associate,Cloud Computing,"Comprehensive training program focusing on aws certified solutions architect associate with practical focus on frameworks & best practices, case studies, and hands-on exercises.",4999,Beginner,Active
137,"Legal Drafting, Notice Writing & Petitions: Certification Prep",Law,"Comprehensive training program focusing on legal drafting, notice writing & petitions with practical focus on certification prep, case studies, and hands-on exercises.",5999,Intermediate,Active
138,Labor & Employment Laws Compliance: Advanced Practice,Law,"Comprehensive training program focusing on labor & employment laws compliance with practical focus on advanced practice, case studies, and hands-on exercises.",7999,Advanced,Inactive
139,Supply Chain Analytics & Optimization - Bootcamp,Business Analytics,"Comprehensive training program focusing on supply chain analytics & optimization with practical focus on bootcamp, case studies, and hands-on exercises.",5999,Intermediate,Active
140,"Legal Drafting, Notice Writing & Petitions - Bootcamp",Law,"Comprehensive training program focusing on legal drafting, notice writing & petitions with practical focus on bootcamp, case studies, and hands-on exercises.",5999,Intermediate,Inactive
141,Advanced Practice: Portfolio Theory & Risk-Adjusted Returns,Finance,"Comprehensive training program focusing on portfolio theory & risk-adjusted returns with practical focus on advanced practice, case studies, and hands-on exercises.",9499,Advanced,Active
142,Practical Applications: Financial Services and Capital Markets,CA,"Comprehensive training program focusing on financial services and capital markets with practical focus on practical applications, case studies, and hands-on exercises.",10999,Intermediate,Active
143,Real-World Projects: Personal Financial Planning & Wealth Mgmt,Finance,"Comprehensive training program focusing on personal financial planning & wealth mgmt with practical focus on real-world projects, case studies, and hands-on exercises.",6999,Intermediate,Active
144,Crash Course: International Taxation & Base Erosion (BEPS),Taxation,"Comprehensive training program focusing on international taxation & base erosion (beps) with practical focus on crash course, case studies, and hands-on exercises.",5499,Intermediate,Active
145,CMA Final Corporate Financial Reporting (CFR) - Certification Prep,CMA,"Comprehensive training program focusing on cma final corporate financial reporting (cfr) with practical focus on certification prep, case studies, and hands-on exercises.",13499,Advanced,Active
146,CA Foundation Accounting Basics: Frameworks & Best Practices,CA,"Comprehensive training program focusing on ca foundation accounting basics with practical focus on frameworks & best practices, case studies, and hands-on exercises.",7999,Beginner,Active
147,IFRS and Ind AS Convergence - Fundamentals,CA,"Comprehensive training program focusing on ifrs and ind as convergence with practical focus on fundamentals, case studies, and hands-on exercises.",7999,Beginner,Active
148,CMA Intermediate Financial Accounting: Specialization,CMA,"Comprehensive training program focusing on cma intermediate financial accounting with practical focus on specialization, case studies, and hands-on exercises.",9999,Intermediate,Active
149,Forex Trading & Foreign Exchange Markets: Certification Prep,Finance,"Comprehensive training program focusing on forex trading & foreign exchange markets with practical focus on certification prep, case studies, and hands-on exercises.",6999,Intermediate,Active
150,Strategy & Implementation: KPI Scorecards & Executive Reporting,Business Analytics,"Comprehensive training program focusing on kpi scorecards & executive reporting with practical focus on strategy & implementation, case studies, and hands-on exercises.",5999,Intermediate,Active
151,Design Thinking & Human-Centered Innovation - Frameworks & Best Practices,Management,"Comprehensive training program focusing on design thinking & human-centered innovation with practical focus on frameworks & best practices, case studies, and hands-on exercises.",5999,Intermediate,Active
152,Practical Applications: Basel III Capital Adequacy Regulations,Banking,"Comprehensive training program focusing on basel iii capital adequacy regulations with practical focus on practical applications, case studies, and hands-on exercises.",5999,Intermediate,Inactive
153,CMA Intermediate Financial Accounting: Practical Applications,CMA,"Comprehensive training program focusing on cma intermediate financial accounting with practical focus on practical applications, case studies, and hands-on exercises.",9999,Intermediate,Active
154,Corporate Governance & Board Advisory - Certification Prep,CS,"Comprehensive training program focusing on corporate governance & board advisory with practical focus on certification prep, case studies, and hands-on exercises.",9999,Intermediate,Active
155,CS Executive Company Law and Practice - Hands-on Workshop,CS,"Comprehensive training program focusing on cs executive company law and practice with practical focus on hands-on workshop, case studies, and hands-on exercises.",9999,Intermediate,Active
156,Frameworks & Best Practices: QuickBooks Online Practical Bookkeeping,Accounting,"Comprehensive training program focusing on quickbooks online practical bookkeeping with practical focus on frameworks & best practices, case studies, and hands-on exercises.",4499,Intermediate,Active
157,Business Model Innovation & Startup Scaling - Certification Prep,Management,"Comprehensive training program focusing on business model innovation & startup scaling with practical focus on certification prep, case studies, and hands-on exercises.",5999,Intermediate,Active
158,Zero to Hero: CMA Foundation Fundamentals of Economics & Mgmt,CMA,"Comprehensive training program focusing on cma foundation fundamentals of economics & mgmt with practical focus on zero to hero, case studies, and hands-on exercises.",6999,Beginner,Active
159,CS Executive Financial & Strategic Management - Zero to Hero,CS,"Comprehensive training program focusing on cs executive financial & strategic management with practical focus on zero to hero, case studies, and hands-on exercises.",6999,Beginner,Active
160,Big Data Processing with Databricks & PySpark - Frameworks & Best Practices,Data Science,"Comprehensive training program focusing on big data processing with databricks & pyspark with practical focus on frameworks & best practices, case studies, and hands-on exercises.",7499,Intermediate,Inactive
161,In-Depth Series: CS Professional Resolution of Corporate Disputes,CS,"Comprehensive training program focusing on cs professional resolution of corporate disputes with practical focus on in-depth series, case studies, and hands-on exercises.",13499,Advanced,Active
162,ESG Investing & Sustainable Finance Frameworks: Practical Applications,Finance,"Comprehensive training program focusing on esg investing & sustainable finance frameworks with practical focus on practical applications, case studies, and hands-on exercises.",6999,Intermediate,Active
163,Recommendation Systems Engineering: Zero to Hero,Data Science,"Comprehensive training program focusing on recommendation systems engineering with practical focus on zero to hero, case studies, and hands-on exercises.",5499,Beginner,Active
164,Executive Training: Six Sigma Black Belt Process Excellence,Certification,"Comprehensive training program focusing on six sigma black belt process excellence with practical focus on executive training, case studies, and hands-on exercises.",10999,Advanced,Active
165,CS Professional Corporate Restructuring & Insolvency - In-Depth Series,CS,"Comprehensive training program focusing on cs professional corporate restructuring & insolvency with practical focus on in-depth series, case studies, and hands-on exercises.",13499,Advanced,Active
166,SOC Analyst Level 1 & Threat Monitoring - Zero to Hero,Cybersecurity,"Comprehensive training program focusing on soc analyst level 1 & threat monitoring with practical focus on zero to hero, case studies, and hands-on exercises.",4999,Beginner,Active
167,Cloud Cost Optimization (FinOps) Best Practices: Fundamentals,Cloud Computing,"Comprehensive training program focusing on cloud cost optimization (finops) best practices with practical focus on fundamentals, case studies, and hands-on exercises.",4999,Beginner,Active
168,CMA Final Corporate Financial Reporting (CFR) - Real-World Projects,CMA,"Comprehensive training program focusing on cma final corporate financial reporting (cfr) with practical focus on real-world projects, case studies, and hands-on exercises.",13499,Advanced,Active
169,Global Supply Chain & Procurement Strategy: Bootcamp,Management,"Comprehensive training program focusing on global supply chain & procurement strategy with practical focus on bootcamp, case studies, and hands-on exercises.",5999,Intermediate,Active
170,Direct Tax Withholding (TDS/TCS) Compliance - Certification Prep,Taxation,"Comprehensive training program focusing on direct tax withholding (tds/tcs) compliance with practical focus on certification prep, case studies, and hands-on exercises.",5499,Intermediate,Active
171,Retail Banking Operations & Customer KYC: Frameworks & Best Practices,Banking,"Comprehensive training program focusing on retail banking operations & customer kyc with practical focus on frameworks & best practices, case studies, and hands-on exercises.",5999,Intermediate,Active
172,Six Sigma Green Belt Certification Training: Specialization,Certification,"Comprehensive training program focusing on six sigma green belt certification training with practical focus on specialization, case studies, and hands-on exercises.",7999,Intermediate,Active
173,CA Intermediate Taxation & Law: Advanced Practice,CA,"Comprehensive training program focusing on ca intermediate taxation & law with practical focus on advanced practice, case studies, and hands-on exercises.",14999,Advanced,Active
174,CMA Foundation Fundamentals of Accounting - Comprehensive Guide,CMA,"Comprehensive training program focusing on cma foundation fundamentals of accounting with practical focus on comprehensive guide, case studies, and hands-on exercises.",6999,Beginner,Active
175,B2B Sales Funnels & Account-Based Marketing (ABM): Practical Applications,Marketing,"Comprehensive training program focusing on b2b sales funnels & account-based marketing (abm) with practical focus on practical applications, case studies, and hands-on exercises.",4999,Intermediate,Active
176,CMA Foundation Fundamentals of Accounting - Frameworks & Best Practices,CMA,"Comprehensive training program focusing on cma foundation fundamentals of accounting with practical focus on frameworks & best practices, case studies, and hands-on exercises.",6999,Beginner,Active
177,Six Sigma Black Belt Process Excellence - Mastery,Certification,"Comprehensive training program focusing on six sigma black belt process excellence with practical focus on mastery, case studies, and hands-on exercises.",10999,Advanced,Active
178,Forex Dealing Room Operations - Advanced Practice,Banking,"Comprehensive training program focusing on forex dealing room operations with practical focus on advanced practice, case studies, and hands-on exercises.",7999,Advanced,Active
179,CS Professional Multidisciplinary Case Studies: Strategy & Implementation,CS,"Comprehensive training program focusing on cs professional multidisciplinary case studies with practical focus on strategy & implementation, case studies, and hands-on exercises.",13499,Advanced,Active
180,Google Cloud Associate Cloud Engineer - Strategy & Implementation,Cloud Computing,"Comprehensive training program focusing on google cloud associate cloud engineer with practical focus on strategy & implementation, case studies, and hands-on exercises.",4999,Beginner,Active
181,Real Estate Regulatory Authority (RERA) Compliance - Practical Applications,Law,"Comprehensive training program focusing on real estate regulatory authority (rera) compliance with practical focus on practical applications, case studies, and hands-on exercises.",5999,Intermediate,Active
182,Crash Course: Indirect Tax Laws and GST,CA,"Comprehensive training program focusing on indirect tax laws and gst with practical focus on crash course, case studies, and hands-on exercises.",10999,Intermediate,Active
183,Practical Applications: Performance Marketing & Paid Ads on Meta & Google,Marketing,"Comprehensive training program focusing on performance marketing & paid ads on meta & google with practical focus on practical applications, case studies, and hands-on exercises.",4999,Intermediate,Active
184,Forex Trading & Foreign Exchange Markets: Real-World Projects,Finance,"Comprehensive training program focusing on forex trading & foreign exchange markets with practical focus on real-world projects, case studies, and hands-on exercises.",6999,Intermediate,Active
185,Information Systems Control & Audit (ISCA) - Advanced Practice,CA,"Comprehensive training program focusing on information systems control & audit (isca) with practical focus on advanced practice, case studies, and hands-on exercises.",14999,Advanced,Active
186,Credit Appraisal & Financial Ratios for Lending: Practical Applications,Banking,"Comprehensive training program focusing on credit appraisal & financial ratios for lending with practical focus on practical applications, case studies, and hands-on exercises.",5999,Intermediate,Active
187,Certified Fraud Examiner (CFE) Exam Prep: Advanced Practice,Certification,"Comprehensive training program focusing on certified fraud examiner (cfe) exam prep with practical focus on advanced practice, case studies, and hands-on exercises.",10999,Advanced,Active
188,Executive Training: CMA Final Direct Tax Laws & International Taxation,CMA,"Comprehensive training program focusing on cma final direct tax laws & international taxation with practical focus on executive training, case studies, and hands-on exercises.",13499,Advanced,Active
189,Derivatives & Financial Engineering: Real-World Projects,Finance,"Comprehensive training program focusing on derivatives & financial engineering with practical focus on real-world projects, case studies, and hands-on exercises.",6999,Intermediate,Active
190,Bootcamp: Direct Tax Laws and International Taxation,CA,"Comprehensive training program focusing on direct tax laws and international taxation with practical focus on bootcamp, case studies, and hands-on exercises.",10999,Intermediate,Active
191,Data Engineering with Apache Spark & Hadoop: Hands-on Workshop,Data Science,"Comprehensive training program focusing on data engineering with apache spark & hadoop with practical focus on hands-on workshop, case studies, and hands-on exercises.",7499,Intermediate,Active
192,Kubernetes & Docker Container Orchestration - Fundamentals,Technology,"Comprehensive training program focusing on kubernetes & docker container orchestration with practical focus on fundamentals, case studies, and hands-on exercises.",4499,Beginner,Active
193,Certification Prep: GraphQL API Design & Integration,Technology,"Comprehensive training program focusing on graphql api design & integration with practical focus on certification prep, case studies, and hands-on exercises.",5999,Intermediate,Active
194,ESG Investing & Sustainable Finance Frameworks - Fundamentals,Finance,"Comprehensive training program focusing on esg investing & sustainable finance frameworks with practical focus on fundamentals, case studies, and hands-on exercises.",4999,Beginner,Active
195,In-Depth Series: SEBI Compliance & Listing Obligations (LODR),CS,"Comprehensive training program focusing on sebi compliance & listing obligations (lodr) with practical focus on in-depth series, case studies, and hands-on exercises.",9999,Intermediate,Active
196,Strategic Leadership & Executive Decision Making: Certification Prep,Management,"Comprehensive training program focusing on strategic leadership & executive decision making with practical focus on certification prep, case studies, and hands-on exercises.",5999,Intermediate,Active
197,Retail & Sales Performance Analytics: Fundamentals,Business Analytics,"Comprehensive training program focusing on retail & sales performance analytics with practical focus on fundamentals, case studies, and hands-on exercises.",4499,Beginner,Active
198,Big Data Processing with Databricks & PySpark - Mastery,Data Science,"Comprehensive training program focusing on big data processing with databricks & pyspark with practical focus on mastery, case studies, and hands-on exercises.",10499,Advanced,Active
199,Transfer Pricing Documentation & Benchmarking - Frameworks & Best Practices,Taxation,"Comprehensive training program focusing on transfer pricing documentation & benchmarking with practical focus on frameworks & best practices, case studies, and hands-on exercises.",5499,Intermediate,Active
200,SOC Analyst Level 1 & Threat Monitoring: Comprehensive Guide,Cybersecurity,"Comprehensive training program focusing on soc analyst level 1 & threat monitoring with practical focus on comprehensive guide, case studies, and hands-on exercises.",4999,Beginner,Active
201,Budgetary Control & Standard Costing: Frameworks & Best Practices,Accounting,"Comprehensive training program focusing on budgetary control & standard costing with practical focus on frameworks & best practices, case studies, and hands-on exercises.",4499,Intermediate,Active
202,CMA Final Strategic Performance Management & Valuation: Bootcamp,CMA,"Comprehensive training program focusing on cma final strategic performance management & valuation with practical focus on bootcamp, case studies, and hands-on exercises.",13499,Advanced,Active
203,Feature Engineering & Selection Techniques - Comprehensive Guide,Data Science,"Comprehensive training program focusing on feature engineering & selection techniques with practical focus on comprehensive guide, case studies, and hands-on exercises.",7499,Intermediate,Active
204,Computer Vision with OpenCV & PyTorch - Executive Training,Data Science,"Comprehensive training program focusing on computer vision with opencv & pytorch with practical focus on executive training, case studies, and hands-on exercises.",7499,Intermediate,Active
205,Fundamentals: Personal Financial Planning & Wealth Mgmt,Finance,"Comprehensive training program focusing on personal financial planning & wealth mgmt with practical focus on fundamentals, case studies, and hands-on exercises.",4999,Beginner,Active
206,Cryptography & Cryptanalysis Fundamentals: Real-World Projects,Cybersecurity,"Comprehensive training program focusing on cryptography & cryptanalysis fundamentals with practical focus on real-world projects, case studies, and hands-on exercises.",4999,Beginner,Active
207,Frameworks & Best Practices: CA Foundation Accounting Basics,CA,"Comprehensive training program focusing on ca foundation accounting basics with practical focus on frameworks & best practices, case studies, and hands-on exercises.",7999,Beginner,Inactive
208,Strategy & Implementation: Corporate Governance & Board Advisory,CS,"Comprehensive training program focusing on corporate governance & board advisory with practical focus on strategy & implementation, case studies, and hands-on exercises.",9999,Intermediate,Active
209,CMA Final Cost & Management Audit - Crash Course,CMA,"Comprehensive training program focusing on cma final cost & management audit with practical focus on crash course, case studies, and hands-on exercises.",13499,Advanced,Active
210,iOS Development with Swift & SwiftUI: Hands-on Workshop,Technology,"Comprehensive training program focusing on ios development with swift & swiftui with practical focus on hands-on workshop, case studies, and hands-on exercises.",5999,Intermediate,Active
211,Credit Appraisal & Financial Ratios for Lending: Zero to Hero,Banking,"Comprehensive training program focusing on credit appraisal & financial ratios for lending with practical focus on zero to hero, case studies, and hands-on exercises.",4499,Beginner,Active
212,Modern C++ and Low-Latency Development - Fundamentals,Technology,"Comprehensive training program focusing on modern c++ and low-latency development with practical focus on fundamentals, case studies, and hands-on exercises.",4499,Beginner,Active
213,Strategy & Implementation: Forex Dealing Room Operations,Banking,"Comprehensive training program focusing on forex dealing room operations with practical focus on strategy & implementation, case studies, and hands-on exercises.",5999,Intermediate,Active
214,Reinforcement Learning in Practice: Advanced Practice,Data Science,"Comprehensive training program focusing on reinforcement learning in practice with practical focus on advanced practice, case studies, and hands-on exercises.",10499,Advanced,Active
215,Operations Excellence & Lean Six Sigma - Comprehensive Guide,Management,"Comprehensive training program focusing on operations excellence & lean six sigma with practical focus on comprehensive guide, case studies, and hands-on exercises.",5999,Intermediate,Active
216,Bootcamp: Rust Programming Systems Engineering,Technology,"Comprehensive training program focusing on rust programming systems engineering with practical focus on bootcamp, case studies, and hands-on exercises.",5999,Intermediate,Active
217,Certification Prep: Microservices Design Patterns,Technology,"Comprehensive training program focusing on microservices design patterns with practical focus on certification prep, case studies, and hands-on exercises.",5999,Intermediate,Active
218,Letter of Credit (LC) & Bank Guarantee Mechanism: Comprehensive Guide,Banking,"Comprehensive training program focusing on letter of credit (lc) & bank guarantee mechanism with practical focus on comprehensive guide, case studies, and hands-on exercises.",5999,Intermediate,Active
219,Real-World Projects: Incident Response & Digital Forensics (DFIR),Cybersecurity,"Comprehensive training program focusing on incident response & digital forensics (dfir) with practical focus on real-world projects, case studies, and hands-on exercises.",6999,Intermediate,Active
220,Business Model Innovation & Startup Scaling: Crash Course,Management,"Comprehensive training program focusing on business model innovation & startup scaling with practical focus on crash course, case studies, and hands-on exercises.",5999,Intermediate,Active
221,Executive Training: Site Reliability Engineering (SRE) Best Practices,Technology,"Comprehensive training program focusing on site reliability engineering (sre) best practices with practical focus on executive training, case studies, and hands-on exercises.",5999,Intermediate,Active
222,Islamic Finance Principles - Fundamentals,Finance,"Comprehensive training program focusing on islamic finance principles with practical focus on fundamentals, case studies, and hands-on exercises.",4999,Beginner,Active
223,Tax Audits under Section 44AB: Certification Prep,Taxation,"Comprehensive training program focusing on tax audits under section 44ab with practical focus on certification prep, case studies, and hands-on exercises.",5499,Intermediate,Active
224,Computer Vision with OpenCV & PyTorch: Executive Training,Data Science,"Comprehensive training program focusing on computer vision with opencv & pytorch with practical focus on executive training, case studies, and hands-on exercises.",7499,Intermediate,Active
225,Labor & Employment Laws Compliance - Executive Training,Law,"Comprehensive training program focusing on labor & employment laws compliance with practical focus on executive training, case studies, and hands-on exercises.",5999,Intermediate,Active
226,Feature Engineering & Selection Techniques - In-Depth Series,Data Science,"Comprehensive training program focusing on feature engineering & selection techniques with practical focus on in-depth series, case studies, and hands-on exercises.",7499,Intermediate,Active
227,Performance Marketing & Paid Ads on Meta & Google - Practical Applications,Marketing,"Comprehensive training program focusing on performance marketing & paid ads on meta & google with practical focus on practical applications, case studies, and hands-on exercises.",4999,Intermediate,Active
228,Hands-on Workshop: Portfolio Theory & Risk-Adjusted Returns,Finance,"Comprehensive training program focusing on portfolio theory & risk-adjusted returns with practical focus on hands-on workshop, case studies, and hands-on exercises.",6999,Intermediate,Active
229,Advanced Financial Reporting - Advanced Practice,CA,"Comprehensive training program focusing on advanced financial reporting with practical focus on advanced practice, case studies, and hands-on exercises.",14999,Advanced,Active
230,Derivatives & Financial Engineering: In-Depth Series,Finance,"Comprehensive training program focusing on derivatives & financial engineering with practical focus on in-depth series, case studies, and hands-on exercises.",6999,Intermediate,Active
231,Frameworks & Best Practices: Influencer Marketing & Social Media Strategy,Marketing,"Comprehensive training program focusing on influencer marketing & social media strategy with practical focus on frameworks & best practices, case studies, and hands-on exercises.",4999,Intermediate,Active
232,Advanced Practice: ESG Investing & Sustainable Finance Frameworks,Finance,"Comprehensive training program focusing on esg investing & sustainable finance frameworks with practical focus on advanced practice, case studies, and hands-on exercises.",9499,Advanced,Active
233,Mastery: GST Annual Return (GSTR-9 & 9C) Filing Workshop,Taxation,"Comprehensive training program focusing on gst annual return (gstr-9 & 9c) filing workshop with practical focus on mastery, case studies, and hands-on exercises.",7499,Advanced,Active
234,Zero to Hero: CMA Foundation Fundamentals of Accounting,CMA,"Comprehensive training program focusing on cma foundation fundamentals of accounting with practical focus on zero to hero, case studies, and hands-on exercises.",6999,Beginner,Active
235,Zoho Books End-to-End Accounting: Fundamentals,Accounting,"Comprehensive training program focusing on zoho books end-to-end accounting with practical focus on fundamentals, case studies, and hands-on exercises.",2999,Beginner,Active
236,ESG Investing & Sustainable Finance Frameworks: Certification Prep,Finance,"Comprehensive training program focusing on esg investing & sustainable finance frameworks with practical focus on certification prep, case studies, and hands-on exercises.",6999,Intermediate,Active
237,Data Visualization with Matplotlib & Seaborn - Frameworks & Best Practices,Data Science,"Comprehensive training program focusing on data visualization with matplotlib & seaborn with practical focus on frameworks & best practices, case studies, and hands-on exercises.",7499,Intermediate,Active
238,Project Finance & Public-Private Partnerships - Specialization,Finance,"Comprehensive training program focusing on project finance & public-private partnerships with practical focus on specialization, case studies, and hands-on exercises.",6999,Intermediate,Active
239,Data Engineering with Apache Spark & Hadoop: Mastery,Data Science,"Comprehensive training program focusing on data engineering with apache spark & hadoop with practical focus on mastery, case studies, and hands-on exercises.",10499,Advanced,Active
240,Generative AI & Diffusion Models - Crash Course,Data Science,"Comprehensive training program focusing on generative ai & diffusion models with practical focus on crash course, case studies, and hands-on exercises.",7499,Intermediate,Active
241,Bootcamp: Tableau Desktop & Server for Business Insights,Business Analytics,"Comprehensive training program focusing on tableau desktop & server for business insights with practical focus on bootcamp, case studies, and hands-on exercises.",5999,Intermediate,Inactive
242,Expatriate Taxation & Dual Residence Issues: Frameworks & Best Practices,Taxation,"Comprehensive training program focusing on expatriate taxation & dual residence issues with practical focus on frameworks & best practices, case studies, and hands-on exercises.",5499,Intermediate,Active
243,In-Depth Series: Human Resource Management & Talent Acquisition,Management,"Comprehensive training program focusing on human resource management & talent acquisition with practical focus on in-depth series, case studies, and hands-on exercises.",5999,Intermediate,Active
244,Linux Systems Administration & Shell Scripting - Hands-on Workshop,Technology,"Comprehensive training program focusing on linux systems administration & shell scripting with practical focus on hands-on workshop, case studies, and hands-on exercises.",5999,Intermediate,Active
245,Reinforcement Learning in Practice: Certification Prep,Data Science,"Comprehensive training program focusing on reinforcement learning in practice with practical focus on certification prep, case studies, and hands-on exercises.",7499,Intermediate,Active
246,Real-World Projects: Google Cloud Professional Cloud Architect,Cloud Computing,"Comprehensive training program focusing on google cloud professional cloud architect with practical focus on real-world projects, case studies, and hands-on exercises.",8999,Advanced,Active
247,Comprehensive Guide: Cost Sheet Preparation & Variance Analysis,Accounting,"Comprehensive training program focusing on cost sheet preparation & variance analysis with practical focus on comprehensive guide, case studies, and hands-on exercises.",4499,Intermediate,Active
248,"Bootcamp: Payroll Accounting, EPF & ESIC Compliance",Accounting,"Comprehensive training program focusing on payroll accounting, epf & esic compliance with practical focus on bootcamp, case studies, and hands-on exercises.",4499,Intermediate,Active
249,Bootcamp: CMA Final Corporate Financial Reporting (CFR),CMA,"Comprehensive training program focusing on cma final corporate financial reporting (cfr) with practical focus on bootcamp, case studies, and hands-on exercises.",13499,Advanced,Active
250,Advanced Auditing and Professional Ethics: In-Depth Series,CA,"Comprehensive training program focusing on advanced auditing and professional ethics with practical focus on in-depth series, case studies, and hands-on exercises.",14999,Advanced,Active
251,Comprehensive Guide: Information Systems Control & Audit (ISCA),CA,"Comprehensive training program focusing on information systems control & audit (isca) with practical focus on comprehensive guide, case studies, and hands-on exercises.",10999,Intermediate,Active
252,International Taxation & Transfer Pricing: Executive Training,CA,"Comprehensive training program focusing on international taxation & transfer pricing with practical focus on executive training, case studies, and hands-on exercises.",10999,Intermediate,Active
253,In-Depth Series: Cost Sheet Preparation & Variance Analysis,Accounting,"Comprehensive training program focusing on cost sheet preparation & variance analysis with practical focus on in-depth series, case studies, and hands-on exercises.",4499,Intermediate,Active
254,Recommendation Systems Engineering: Fundamentals,Data Science,"Comprehensive training program focusing on recommendation systems engineering with practical focus on fundamentals, case studies, and hands-on exercises.",5499,Beginner,Active
255,Fundamentals: Full Stack JavaScript with MERN,Technology,"Comprehensive training program focusing on full stack javascript with mern with practical focus on fundamentals, case studies, and hands-on exercises.",4499,Beginner,Active
256,Data Protection and DPDP Act Implementation: Certification Prep,Law,"Comprehensive training program focusing on data protection and dpdp act implementation with practical focus on certification prep, case studies, and hands-on exercises.",5999,Intermediate,Active
257,Specialization: Valuation under Companies Act,CA,"Comprehensive training program focusing on valuation under companies act with practical focus on specialization, case studies, and hands-on exercises.",10999,Intermediate,Active
258,Comprehensive Guide: Cryptography & Cryptanalysis Fundamentals,Cybersecurity,"Comprehensive training program focusing on cryptography & cryptanalysis fundamentals with practical focus on comprehensive guide, case studies, and hands-on exercises.",4999,Beginner,Active
259,Mastery: Alteryx for Data Prep & ETL Automation,Business Analytics,"Comprehensive training program focusing on alteryx for data prep & etl automation with practical focus on mastery, case studies, and hands-on exercises.",7999,Advanced,Active
260,Zoho Books End-to-End Accounting - Practical Applications,Accounting,"Comprehensive training program focusing on zoho books end-to-end accounting with practical focus on practical applications, case studies, and hands-on exercises.",4499,Intermediate,Inactive
261,In-Depth Series: Cross-Functional Team Collaboration & OKRs,Management,"Comprehensive training program focusing on cross-functional team collaboration & okrs with practical focus on in-depth series, case studies, and hands-on exercises.",5999,Intermediate,Active
262,Zero to Hero: Advanced Auditing and Professional Ethics,CA,"Comprehensive training program focusing on advanced auditing and professional ethics with practical focus on zero to hero, case studies, and hands-on exercises.",7999,Beginner,Active
263,Change Management in Enterprise Organizations - Bootcamp,Management,"Comprehensive training program focusing on change management in enterprise organizations with practical focus on bootcamp, case studies, and hands-on exercises.",5999,Intermediate,Active
264,CMA Intermediate Direct Taxation: Practical Applications,CMA,"Comprehensive training program focusing on cma intermediate direct taxation with practical focus on practical applications, case studies, and hands-on exercises.",9999,Intermediate,Active
265,Hands-on Workshop: Data Engineering with Apache Spark & Hadoop,Data Science,"Comprehensive training program focusing on data engineering with apache spark & hadoop with practical focus on hands-on workshop, case studies, and hands-on exercises.",7499,Intermediate,Active
266,Cryptography & Cryptanalysis Fundamentals: In-Depth Series,Cybersecurity,"Comprehensive training program focusing on cryptography & cryptanalysis fundamentals with practical focus on in-depth series, case studies, and hands-on exercises.",4999,Beginner,Active
267,Cloud Cost Optimization (FinOps) Best Practices: Executive Training,Cloud Computing,"Comprehensive training program focusing on cloud cost optimization (finops) best practices with practical focus on executive training, case studies, and hands-on exercises.",6499,Intermediate,Active
268,Certified Management Accountant (US CMA) Prep - In-Depth Series,Certification,"Comprehensive training program focusing on certified management accountant (us cma) prep with practical focus on in-depth series, case studies, and hands-on exercises.",7999,Intermediate,Active
269,Zero to Hero: Corporate Governance & Board Advisory,CS,"Comprehensive training program focusing on corporate governance & board advisory with practical focus on zero to hero, case studies, and hands-on exercises.",6999,Beginner,Active
270,Web Application Penetration Testing - Comprehensive Guide,Cybersecurity,"Comprehensive training program focusing on web application penetration testing with practical focus on comprehensive guide, case studies, and hands-on exercises.",6999,Intermediate,Active
271,In-Depth Series: Influencer Marketing & Social Media Strategy,Marketing,"Comprehensive training program focusing on influencer marketing & social media strategy with practical focus on in-depth series, case studies, and hands-on exercises.",4999,Intermediate,Active
272,Bootcamp: CMA Final Strategic Performance Management & Valuation,CMA,"Comprehensive training program focusing on cma final strategic performance management & valuation with practical focus on bootcamp, case studies, and hands-on exercises.",13499,Advanced,Active
273,Human Resource Management & Talent Acquisition: Specialization,Management,"Comprehensive training program focusing on human resource management & talent acquisition with practical focus on specialization, case studies, and hands-on exercises.",5999,Intermediate,Inactive
274,HR Analytics & People Metrics: Zero to Hero,Business Analytics,"Comprehensive training program focusing on hr analytics & people metrics with practical focus on zero to hero, case studies, and hands-on exercises.",4499,Beginner,Active
275,IFRS and Ind AS Convergence: Hands-on Workshop,CA,"Comprehensive training program focusing on ifrs and ind as convergence with practical focus on hands-on workshop, case studies, and hands-on exercises.",10999,Intermediate,Active
276,"Intellectual Property: Patents, Trademarks & Copyrights - Frameworks & Best Practices",Law,"Comprehensive training program focusing on intellectual property: patents, trademarks & copyrights with practical focus on frameworks & best practices, case studies, and hands-on exercises.",5999,Intermediate,Active
277,International Taxation & Base Erosion (BEPS) - Practical Applications,Taxation,"Comprehensive training program focusing on international taxation & base erosion (beps) with practical focus on practical applications, case studies, and hands-on exercises.",5499,Intermediate,Active
278,CMA Intermediate Indirect Taxation: Mastery,CMA,"Comprehensive training program focusing on cma intermediate indirect taxation with practical focus on mastery, case studies, and hands-on exercises.",13499,Advanced,Active
279,Data Warehousing with Snowflake & BigQuery: Crash Course,Data Science,"Comprehensive training program focusing on data warehousing with snowflake & bigquery with practical focus on crash course, case studies, and hands-on exercises.",7499,Intermediate,Active
280,Forex Trading & Foreign Exchange Markets - In-Depth Series,Finance,"Comprehensive training program focusing on forex trading & foreign exchange markets with practical focus on in-depth series, case studies, and hands-on exercises.",6999,Intermediate,Active
281,Real-World Projects: Certified Ethical Hacking (CEH) Practice Labs,Cybersecurity,"Comprehensive training program focusing on certified ethical hacking (ceh) practice labs with practical focus on real-world projects, case studies, and hands-on exercises.",6999,Intermediate,Active
282,Advanced Practice: Direct Tax Laws and International Taxation,CA,"Comprehensive training program focusing on direct tax laws and international taxation with practical focus on advanced practice, case studies, and hands-on exercises.",14999,Advanced,Active
283,Basel III Capital Adequacy Regulations: Strategy & Implementation,Banking,"Comprehensive training program focusing on basel iii capital adequacy regulations with practical focus on strategy & implementation, case studies, and hands-on exercises.",5999,Intermediate,Active
284,CMA Final Strategic Performance Management & Valuation - Frameworks & Best Practices,CMA,"Comprehensive training program focusing on cma final strategic performance management & valuation with practical focus on frameworks & best practices, case studies, and hands-on exercises.",13499,Advanced,Active
285,Power BI End-to-End Enterprise Dashboards - Fundamentals,Business Analytics,"Comprehensive training program focusing on power bi end-to-end enterprise dashboards with practical focus on fundamentals, case studies, and hands-on exercises.",4499,Beginner,Active
286,Fundamentals: Google Cloud Professional Cloud Architect,Cloud Computing,"Comprehensive training program focusing on google cloud professional cloud architect with practical focus on fundamentals, case studies, and hands-on exercises.",4999,Beginner,Active
287,Strategy & Implementation: CS Executive Securities Laws & Capital Markets,CS,"Comprehensive training program focusing on cs executive securities laws & capital markets with practical focus on strategy & implementation, case studies, and hands-on exercises.",9999,Intermediate,Active
288,"CS Professional Governance, Risk & Ethics: Frameworks & Best Practices",CS,"Comprehensive training program focusing on cs professional governance, risk & ethics with practical focus on frameworks & best practices, case studies, and hands-on exercises.",13499,Advanced,Active
289,Private Equity Deal Structuring: Mastery,Finance,"Comprehensive training program focusing on private equity deal structuring with practical focus on mastery, case studies, and hands-on exercises.",9499,Advanced,Active
290,Credit Appraisal & Financial Ratios for Lending - Hands-on Workshop,Banking,"Comprehensive training program focusing on credit appraisal & financial ratios for lending with practical focus on hands-on workshop, case studies, and hands-on exercises.",5999,Intermediate,Active
291,Practical Applications: Microsoft Azure Administrator (AZ-104),Cloud Computing,"Comprehensive training program focusing on microsoft azure administrator (az-104) with practical focus on practical applications, case studies, and hands-on exercises.",6499,Intermediate,Active
292,Forex Trading & Foreign Exchange Markets - Executive Training,Finance,"Comprehensive training program focusing on forex trading & foreign exchange markets with practical focus on executive training, case studies, and hands-on exercises.",6999,Intermediate,Active
293,In-Depth Series: Web Application Penetration Testing,Cybersecurity,"Comprehensive training program focusing on web application penetration testing with practical focus on in-depth series, case studies, and hands-on exercises.",6999,Intermediate,Active
294,Frameworks & Best Practices: Linux Systems Administration & Shell Scripting,Technology,"Comprehensive training program focusing on linux systems administration & shell scripting with practical focus on frameworks & best practices, case studies, and hands-on exercises.",5999,Intermediate,Active
295,Frameworks & Best Practices: Fintech Innovations & Digital Payment Ecosystems,Banking,"Comprehensive training program focusing on fintech innovations & digital payment ecosystems with practical focus on frameworks & best practices, case studies, and hands-on exercises.",5999,Intermediate,Active
296,Human Resource Management & Talent Acquisition: Fundamentals,Management,"Comprehensive training program focusing on human resource management & talent acquisition with practical focus on fundamentals, case studies, and hands-on exercises.",4499,Beginner,Active
297,Working Capital Assessment (MPBF & CMA Data) - Executive Training,Banking,"Comprehensive training program focusing on working capital assessment (mpbf & cma data) with practical focus on executive training, case studies, and hands-on exercises.",5999,Intermediate,Active
298,Comprehensive Guide: Influencer Marketing & Social Media Strategy,Marketing,"Comprehensive training program focusing on influencer marketing & social media strategy with practical focus on comprehensive guide, case studies, and hands-on exercises.",4999,Intermediate,Active
299,Corporate Treasury Management: Comprehensive Guide,Finance,"Comprehensive training program focusing on corporate treasury management with practical focus on comprehensive guide, case studies, and hands-on exercises.",6999,Intermediate,Active
300,Consolidated Financial Statements Preparation - Real-World Projects,Accounting,"Comprehensive training program focusing on consolidated financial statements preparation with practical focus on real-world projects, case studies, and hands-on exercises.",4499,Intermediate,Active
301,Real-World Projects: Feature Engineering & Selection Techniques,Data Science,"Comprehensive training program focusing on feature engineering & selection techniques with practical focus on real-world projects, case studies, and hands-on exercises.",7499,Intermediate,Active
302,Real-World Projects: Asset & Liability Management (ALM),Finance,"Comprehensive training program focusing on asset & liability management (alm) with practical focus on real-world projects, case studies, and hands-on exercises.",6999,Intermediate,Active
303,Tableau Desktop & Server for Business Insights - Hands-on Workshop,Business Analytics,"Comprehensive training program focusing on tableau desktop & server for business insights with practical focus on hands-on workshop, case studies, and hands-on exercises.",5999,Intermediate,Active
304,Crash Course: Data Engineering with Apache Spark & Hadoop,Data Science,"Comprehensive training program focusing on data engineering with apache spark & hadoop with practical focus on crash course, case studies, and hands-on exercises.",7499,Intermediate,Active
305,Fundamentals: Financial Services and Capital Markets,CA,"Comprehensive training program focusing on financial services and capital markets with practical focus on fundamentals, case studies, and hands-on exercises.",7999,Beginner,Active
306,Kubernetes & Docker Container Orchestration: Executive Training,Technology,"Comprehensive training program focusing on kubernetes & docker container orchestration with practical focus on executive training, case studies, and hands-on exercises.",5999,Intermediate,Active
307,Time Series Forecasting & Anomaly Detection: Advanced Practice,Data Science,"Comprehensive training program focusing on time series forecasting & anomaly detection with practical focus on advanced practice, case studies, and hands-on exercises.",10499,Advanced,Active
308,Strategy & Implementation: Customs Law & Foreign Trade Policy (FTP),Taxation,"Comprehensive training program focusing on customs law & foreign trade policy (ftp) with practical focus on strategy & implementation, case studies, and hands-on exercises.",5499,Intermediate,Active
309,Commodity Trading & Hedging Strategies - Mastery,Finance,"Comprehensive training program focusing on commodity trading & hedging strategies with practical focus on mastery, case studies, and hands-on exercises.",9499,Advanced,Active
310,CA Foundation Business Mathematics: Bootcamp,CA,"Comprehensive training program focusing on ca foundation business mathematics with practical focus on bootcamp, case studies, and hands-on exercises.",7999,Beginner,Active
311,Advanced Practice: Forex Trading & Foreign Exchange Markets,Finance,"Comprehensive training program focusing on forex trading & foreign exchange markets with practical focus on advanced practice, case studies, and hands-on exercises.",9499,Advanced,Active
312,Strategy & Implementation: Zoho Books End-to-End Accounting,Accounting,"Comprehensive training program focusing on zoho books end-to-end accounting with practical focus on strategy & implementation, case studies, and hands-on exercises.",4499,Intermediate,Active
313,Marketing Analytics & Attribution Modeling: Practical Applications,Business Analytics,"Comprehensive training program focusing on marketing analytics & attribution modeling with practical focus on practical applications, case studies, and hands-on exercises.",5999,Intermediate,Active
314,Strategy & Implementation: Distributed Systems & Message Queues (Kafka/RabbitMQ),Technology,"Comprehensive training program focusing on distributed systems & message queues (kafka/rabbitmq) with practical focus on strategy & implementation, case studies, and hands-on exercises.",5999,Intermediate,Active
315,Treasury & Balance Sheet Management - Certification Prep,Banking,"Comprehensive training program focusing on treasury & balance sheet management with practical focus on certification prep, case studies, and hands-on exercises.",5999,Intermediate,Active
316,Performance Marketing & Paid Ads on Meta & Google: Comprehensive Guide,Marketing,"Comprehensive training program focusing on performance marketing & paid ads on meta & google with practical focus on comprehensive guide, case studies, and hands-on exercises.",4999,Intermediate,Active
317,Bootcamp: CA Intermediate Costing & FM,CA,"Comprehensive training program focusing on ca intermediate costing & fm with practical focus on bootcamp, case studies, and hands-on exercises.",10999,Intermediate,Active
318,Mastery: Consolidated Financial Statements Preparation,Accounting,"Comprehensive training program focusing on consolidated financial statements preparation with practical focus on mastery, case studies, and hands-on exercises.",5999,Advanced,Active
319,Internal Audit & Risk-Based Assurance - Executive Training,CA,"Comprehensive training program focusing on internal audit & risk-based assurance with practical focus on executive training, case studies, and hands-on exercises.",10999,Intermediate,Active
320,Google Cloud Associate Cloud Engineer - Specialization,Cloud Computing,"Comprehensive training program focusing on google cloud associate cloud engineer with practical focus on specialization, case studies, and hands-on exercises.",4999,Beginner,Inactive
321,Marketing Analytics & Attribution Modeling: Real-World Projects,Business Analytics,"Comprehensive training program focusing on marketing analytics & attribution modeling with practical focus on real-world projects, case studies, and hands-on exercises.",5999,Intermediate,Active
322,Retail & Sales Performance Analytics - Hands-on Workshop,Business Analytics,"Comprehensive training program focusing on retail & sales performance analytics with practical focus on hands-on workshop, case studies, and hands-on exercises.",5999,Intermediate,Active
323,MLOps: Production ML Pipelines with MLflow - Executive Training,Data Science,"Comprehensive training program focusing on mlops: production ml pipelines with mlflow with practical focus on executive training, case studies, and hands-on exercises.",7499,Intermediate,Active
324,Google Cloud Professional Cloud Architect - Fundamentals,Cloud Computing,"Comprehensive training program focusing on google cloud professional cloud architect with practical focus on fundamentals, case studies, and hands-on exercises.",4999,Beginner,Active
325,"CS Professional Governance, Risk & Ethics: In-Depth Series",CS,"Comprehensive training program focusing on cs professional governance, risk & ethics with practical focus on in-depth series, case studies, and hands-on exercises.",13499,Advanced,Active
326,CMA Intermediate Cost & Management Accounting and Financial Mgmt: Fundamentals,CMA,"Comprehensive training program focusing on cma intermediate cost & management accounting and financial mgmt with practical focus on fundamentals, case studies, and hands-on exercises.",6999,Beginner,Active
327,Cross-Functional Team Collaboration & OKRs - Frameworks & Best Practices,Management,"Comprehensive training program focusing on cross-functional team collaboration & okrs with practical focus on frameworks & best practices, case studies, and hands-on exercises.",5999,Intermediate,Active
328,Human Resource Management & Talent Acquisition: Practical Applications,Management,"Comprehensive training program focusing on human resource management & talent acquisition with practical focus on practical applications, case studies, and hands-on exercises.",5999,Intermediate,Active
329,Hands-on Workshop: Active Directory Security & Pentesting,Cybersecurity,"Comprehensive training program focusing on active directory security & pentesting with practical focus on hands-on workshop, case studies, and hands-on exercises.",6999,Intermediate,Active
330,Advanced Practice: Human Resource Management & Talent Acquisition,Management,"Comprehensive training program focusing on human resource management & talent acquisition with practical focus on advanced practice, case studies, and hands-on exercises.",7999,Advanced,Active
331,Privilege Escalation & Red Team Tactics: Real-World Projects,Cybersecurity,"Comprehensive training program focusing on privilege escalation & red team tactics with practical focus on real-world projects, case studies, and hands-on exercises.",6999,Intermediate,Active
332,Cyber Crime Law & Digital Evidence Admissibility: Certification Prep,Law,"Comprehensive training program focusing on cyber crime law & digital evidence admissibility with practical focus on certification prep, case studies, and hands-on exercises.",5999,Intermediate,Active
333,Certification Prep: Fintech Innovations & Digital Payment Ecosystems,Banking,"Comprehensive training program focusing on fintech innovations & digital payment ecosystems with practical focus on certification prep, case studies, and hands-on exercises.",5999,Intermediate,Active
334,Practical Applications: Cryptography & Cryptanalysis Fundamentals,Cybersecurity,"Comprehensive training program focusing on cryptography & cryptanalysis fundamentals with practical focus on practical applications, case studies, and hands-on exercises.",4999,Beginner,Active
335,Operations Excellence & Lean Six Sigma - Zero to Hero,Management,"Comprehensive training program focusing on operations excellence & lean six sigma with practical focus on zero to hero, case studies, and hands-on exercises.",4499,Beginner,Active
336,Rust Programming Systems Engineering - Hands-on Workshop,Technology,"Comprehensive training program focusing on rust programming systems engineering with practical focus on hands-on workshop, case studies, and hands-on exercises.",5999,Intermediate,Active
337,Practical Applications: ACCA Financial Accounting & Reporting Prep,Certification,"Comprehensive training program focusing on acca financial accounting & reporting prep with practical focus on practical applications, case studies, and hands-on exercises.",7999,Intermediate,Active
338,Competition Law & Anti-Trust Regulations: Real-World Projects,Law,"Comprehensive training program focusing on competition law & anti-trust regulations with practical focus on real-world projects, case studies, and hands-on exercises.",5999,Intermediate,Active
339,Asset & Liability Management (ALM) - Hands-on Workshop,Finance,"Comprehensive training program focusing on asset & liability management (alm) with practical focus on hands-on workshop, case studies, and hands-on exercises.",6999,Intermediate,Active
340,CS Professional Secretarial Audit & Compliance: Practical Applications,CS,"Comprehensive training program focusing on cs professional secretarial audit & compliance with practical focus on practical applications, case studies, and hands-on exercises.",13499,Advanced,Active
341,iOS Development with Swift & SwiftUI: In-Depth Series,Technology,"Comprehensive training program focusing on ios development with swift & swiftui with practical focus on in-depth series, case studies, and hands-on exercises.",5999,Intermediate,Active
342,Strategic Cost Management & Evaluation - Executive Training,CA,"Comprehensive training program focusing on strategic cost management & evaluation with practical focus on executive training, case studies, and hands-on exercises.",10999,Intermediate,Active
343,Crash Course: Forex Trading & Foreign Exchange Markets,Finance,"Comprehensive training program focusing on forex trading & foreign exchange markets with practical focus on crash course, case studies, and hands-on exercises.",6999,Intermediate,Active
344,Terraform for Multi-Cloud Infrastructure as Code: Comprehensive Guide,Cloud Computing,"Comprehensive training program focusing on terraform for multi-cloud infrastructure as code with practical focus on comprehensive guide, case studies, and hands-on exercises.",6499,Intermediate,Active
345,Zoho Books End-to-End Accounting - In-Depth Series,Accounting,"Comprehensive training program focusing on zoho books end-to-end accounting with practical focus on in-depth series, case studies, and hands-on exercises.",4499,Intermediate,Active
346,Zero to Hero: Risk Management & Basel Accords,CA,"Comprehensive training program focusing on risk management & basel accords with practical focus on zero to hero, case studies, and hands-on exercises.",7999,Beginner,Inactive
347,Practical Applications: Email Marketing & Lifecycle Campaign Strategy,Marketing,"Comprehensive training program focusing on email marketing & lifecycle campaign strategy with practical focus on practical applications, case studies, and hands-on exercises.",4999,Intermediate,Active
348,Six Sigma Black Belt Process Excellence - Crash Course,Certification,"Comprehensive training program focusing on six sigma black belt process excellence with practical focus on crash course, case studies, and hands-on exercises.",10999,Advanced,Active
349,Marketing Automation with HubSpot & ActiveCampaign: Certification Prep,Marketing,"Comprehensive training program focusing on marketing automation with hubspot & activecampaign with practical focus on certification prep, case studies, and hands-on exercises.",4999,Intermediate,Active
350,Web3 & Smart Contract Engineering with Solidity: Hands-on Workshop,Technology,"Comprehensive training program focusing on web3 & smart contract engineering with solidity with practical focus on hands-on workshop, case studies, and hands-on exercises.",5999,Intermediate,Inactive
351,Incident Response & Digital Forensics (DFIR): Mastery,Cybersecurity,"Comprehensive training program focusing on incident response & digital forensics (dfir) with practical focus on mastery, case studies, and hands-on exercises.",9499,Advanced,Active
352,Drafting Commercial Contracts & Service Agreements - Zero to Hero,Law,"Comprehensive training program focusing on drafting commercial contracts & service agreements with practical focus on zero to hero, case studies, and hands-on exercises.",4499,Beginner,Active
353,Competition Law & Anti-Trust Regulations: Hands-on Workshop,Law,"Comprehensive training program focusing on competition law & anti-trust regulations with practical focus on hands-on workshop, case studies, and hands-on exercises.",5999,Intermediate,Active
354,Strategy & Implementation: Site Reliability Engineering (SRE) Best Practices,Technology,"Comprehensive training program focusing on site reliability engineering (sre) best practices with practical focus on strategy & implementation, case studies, and hands-on exercises.",5999,Intermediate,Active
355,Brand Management & Positioning Strategy - Fundamentals,Marketing,"Comprehensive training program focusing on brand management & positioning strategy with practical focus on fundamentals, case studies, and hands-on exercises.",3499,Beginner,Active
356,Fundamentals: CS Executive Securities Laws & Capital Markets,CS,"Comprehensive training program focusing on cs executive securities laws & capital markets with practical focus on fundamentals, case studies, and hands-on exercises.",6999,Beginner,Inactive
357,CS Professional Resolution of Corporate Disputes: In-Depth Series,CS,"Comprehensive training program focusing on cs professional resolution of corporate disputes with practical focus on in-depth series, case studies, and hands-on exercises.",13499,Advanced,Active
358,Certification Prep: CS Executive Jurisprudence & Interpretation,CS,"Comprehensive training program focusing on cs executive jurisprudence & interpretation with practical focus on certification prep, case studies, and hands-on exercises.",9999,Intermediate,Inactive
359,Zero Trust Architecture Implementation: Hands-on Workshop,Cybersecurity,"Comprehensive training program focusing on zero trust architecture implementation with practical focus on hands-on workshop, case studies, and hands-on exercises.",9499,Advanced,Active
360,CA Intermediate Corporate Accounting - Mastery,CA,"Comprehensive training program focusing on ca intermediate corporate accounting with practical focus on mastery, case studies, and hands-on exercises.",14999,Advanced,Active
361,Frameworks & Best Practices: Performance Marketing & Paid Ads on Meta & Google,Marketing,"Comprehensive training program focusing on performance marketing & paid ads on meta & google with practical focus on frameworks & best practices, case studies, and hands-on exercises.",4999,Intermediate,Active
362,Specialization: SEBI Compliance & Listing Obligations (LODR),CS,"Comprehensive training program focusing on sebi compliance & listing obligations (lodr) with practical focus on specialization, case studies, and hands-on exercises.",9999,Intermediate,Active
363,Advanced Practice: Marketing Automation with HubSpot & ActiveCampaign,Marketing,"Comprehensive training program focusing on marketing automation with hubspot & activecampaign with practical focus on advanced practice, case studies, and hands-on exercises.",6499,Advanced,Active
364,Advanced Auditing and Professional Ethics: Real-World Projects,CA,"Comprehensive training program focusing on advanced auditing and professional ethics with practical focus on real-world projects, case studies, and hands-on exercises.",14999,Advanced,Active
365,Comprehensive Guide: Direct Tax Withholding (TDS/TCS) Compliance,Taxation,"Comprehensive training program focusing on direct tax withholding (tds/tcs) compliance with practical focus on comprehensive guide, case studies, and hands-on exercises.",5499,Intermediate,Active
366,CMA Final Corporate Financial Reporting (CFR) - In-Depth Series,CMA,"Comprehensive training program focusing on cma final corporate financial reporting (cfr) with practical focus on in-depth series, case studies, and hands-on exercises.",13499,Advanced,Active
367,Practical Applications: CS Executive Securities Laws & Capital Markets,CS,"Comprehensive training program focusing on cs executive securities laws & capital markets with practical focus on practical applications, case studies, and hands-on exercises.",9999,Intermediate,Active
368,Corporate Governance & Board Advisory - Mastery,CS,"Comprehensive training program focusing on corporate governance & board advisory with practical focus on mastery, case studies, and hands-on exercises.",13499,Advanced,Active
369,Information Systems Control & Audit (ISCA): Zero to Hero,CA,"Comprehensive training program focusing on information systems control & audit (isca) with practical focus on zero to hero, case studies, and hands-on exercises.",7999,Beginner,Active
370,Mastery: Direct Tax Laws and International Taxation,CA,"Comprehensive training program focusing on direct tax laws and international taxation with practical focus on mastery, case studies, and hands-on exercises.",14999,Advanced,Active
371,Practical Applications: Big Data Processing with Databricks & PySpark,Data Science,"Comprehensive training program focusing on big data processing with databricks & pyspark with practical focus on practical applications, case studies, and hands-on exercises.",7499,Intermediate,Active
372,Certified Internal Auditor (CIA) Comprehensive: Bootcamp,Certification,"Comprehensive training program focusing on certified internal auditor (cia) comprehensive with practical focus on bootcamp, case studies, and hands-on exercises.",7999,Intermediate,Active
373,MLOps: Production ML Pipelines with MLflow: Executive Training,Data Science,"Comprehensive training program focusing on mlops: production ml pipelines with mlflow with practical focus on executive training, case studies, and hands-on exercises.",7499,Intermediate,Active
374,Business Model Innovation & Startup Scaling: In-Depth Series,Management,"Comprehensive training program focusing on business model innovation & startup scaling with practical focus on in-depth series, case studies, and hands-on exercises.",5999,Intermediate,Active
375,SOC Analyst Level 1 & Threat Monitoring - Certification Prep,Cybersecurity,"Comprehensive training program focusing on soc analyst level 1 & threat monitoring with practical focus on certification prep, case studies, and hands-on exercises.",4999,Beginner,Active
376,Anti-Money Laundering (AML) & CFT Compliance in Banking - Hands-on Workshop,Banking,"Comprehensive training program focusing on anti-money laundering (aml) & cft compliance in banking with practical focus on hands-on workshop, case studies, and hands-on exercises.",5999,Intermediate,Active
377,Deep Learning & Neural Architectures with PyTorch: Certification Prep,Data Science,"Comprehensive training program focusing on deep learning & neural architectures with pytorch with practical focus on certification prep, case studies, and hands-on exercises.",10499,Advanced,Active
378,Accounts Payable & Receivable Automation - Certification Prep,Accounting,"Comprehensive training program focusing on accounts payable & receivable automation with practical focus on certification prep, case studies, and hands-on exercises.",4499,Intermediate,Active
379,Global Supply Chain & Procurement Strategy: Real-World Projects,Management,"Comprehensive training program focusing on global supply chain & procurement strategy with practical focus on real-world projects, case studies, and hands-on exercises.",5999,Intermediate,Inactive
380,Kubernetes & Docker Container Orchestration - Hands-on Workshop,Technology,"Comprehensive training program focusing on kubernetes & docker container orchestration with practical focus on hands-on workshop, case studies, and hands-on exercises.",5999,Intermediate,Active
381,Marketing Automation with HubSpot & ActiveCampaign: In-Depth Series,Marketing,"Comprehensive training program focusing on marketing automation with hubspot & activecampaign with practical focus on in-depth series, case studies, and hands-on exercises.",4999,Intermediate,Active
382,Real-World Projects: B2B Sales Funnels & Account-Based Marketing (ABM),Marketing,"Comprehensive training program focusing on b2b sales funnels & account-based marketing (abm) with practical focus on real-world projects, case studies, and hands-on exercises.",4999,Intermediate,Active
383,CMA Intermediate Indirect Taxation: Hands-on Workshop,CMA,"Comprehensive training program focusing on cma intermediate indirect taxation with practical focus on hands-on workshop, case studies, and hands-on exercises.",9999,Intermediate,Active
384,Certification Prep: Strategic Financial Management,CA,"Comprehensive training program focusing on strategic financial management with practical focus on certification prep, case studies, and hands-on exercises.",10999,Intermediate,Active
385,Go (Golang) Microservices Architecture - Advanced Practice,Technology,"Comprehensive training program focusing on go (golang) microservices architecture with practical focus on advanced practice, case studies, and hands-on exercises.",7999,Advanced,Active
386,Corporate Treasury Management - Certification Prep,Finance,"Comprehensive training program focusing on corporate treasury management with practical focus on certification prep, case studies, and hands-on exercises.",6999,Intermediate,Active
387,Certified Internal Auditor (CIA) Comprehensive: Practical Applications,Certification,"Comprehensive training program focusing on certified internal auditor (cia) comprehensive with practical focus on practical applications, case studies, and hands-on exercises.",7999,Intermediate,Active
388,Frameworks & Best Practices: CA Intermediate Costing & FM,CA,"Comprehensive training program focusing on ca intermediate costing & fm with practical focus on frameworks & best practices, case studies, and hands-on exercises.",10999,Intermediate,Active
389,A/B Testing & Conversion Rate Optimization (CRO) - Practical Applications,Business Analytics,"Comprehensive training program focusing on a/b testing & conversion rate optimization (cro) with practical focus on practical applications, case studies, and hands-on exercises.",5999,Intermediate,Active
390,Real-World Projects: RESTful API Engineering with FastAPI,Technology,"Comprehensive training program focusing on restful api engineering with fastapi with practical focus on real-world projects, case studies, and hands-on exercises.",5999,Intermediate,Active
391,Cloud Cost Optimization (FinOps) Best Practices: Practical Applications,Cloud Computing,"Comprehensive training program focusing on cloud cost optimization (finops) best practices with practical focus on practical applications, case studies, and hands-on exercises.",6499,Intermediate,Inactive
392,In-Depth Series: IFRS and Ind AS Convergence,CA,"Comprehensive training program focusing on ifrs and ind as convergence with practical focus on in-depth series, case studies, and hands-on exercises.",10999,Intermediate,Active
393,Practical Applications: Retail & Sales Performance Analytics,Business Analytics,"Comprehensive training program focusing on retail & sales performance analytics with practical focus on practical applications, case studies, and hands-on exercises.",5999,Intermediate,Inactive
394,Frameworks & Best Practices: Data Visualization with Matplotlib & Seaborn,Data Science,"Comprehensive training program focusing on data visualization with matplotlib & seaborn with practical focus on frameworks & best practices, case studies, and hands-on exercises.",7499,Intermediate,Active
395,Direct Tax Withholding (TDS/TCS) Compliance: Hands-on Workshop,Taxation,"Comprehensive training program focusing on direct tax withholding (tds/tcs) compliance with practical focus on hands-on workshop, case studies, and hands-on exercises.",5499,Intermediate,Active
396,CA Intermediate Corporate Accounting - Certification Prep,CA,"Comprehensive training program focusing on ca intermediate corporate accounting with practical focus on certification prep, case studies, and hands-on exercises.",10999,Intermediate,Active
397,B2B Sales Funnels & Account-Based Marketing (ABM) - Hands-on Workshop,Marketing,"Comprehensive training program focusing on b2b sales funnels & account-based marketing (abm) with practical focus on hands-on workshop, case studies, and hands-on exercises.",4999,Intermediate,Active
398,CFA Level 2 Deep Dive & Practice Sets - Advanced Practice,Certification,"Comprehensive training program focusing on cfa level 2 deep dive & practice sets with practical focus on advanced practice, case studies, and hands-on exercises.",10999,Advanced,Active
399,Hands-on Workshop: CA Foundation Accounting Basics,CA,"Comprehensive training program focusing on ca foundation accounting basics with practical focus on hands-on workshop, case studies, and hands-on exercises.",7999,Beginner,Active
400,Edge Computing & Cloud Migration Strategies: Fundamentals,Cloud Computing,"Comprehensive training program focusing on edge computing & cloud migration strategies with practical focus on fundamentals, case studies, and hands-on exercises.",4999,Beginner,Inactive
401,Consolidated Financial Statements Preparation: Executive Training,Accounting,"Comprehensive training program focusing on consolidated financial statements preparation with practical focus on executive training, case studies, and hands-on exercises.",4499,Intermediate,Active
402,Fundamentals: SOC Analyst Level 1 & Threat Monitoring,Cybersecurity,"Comprehensive training program focusing on soc analyst level 1 & threat monitoring with practical focus on fundamentals, case studies, and hands-on exercises.",4999,Beginner,Inactive
403,Corporate Governance & Board Advisory - Advanced Practice,CS,"Comprehensive training program focusing on corporate governance & board advisory with practical focus on advanced practice, case studies, and hands-on exercises.",13499,Advanced,Active
404,Leveraged Buyout (LBO) Modeling: Strategy & Implementation,Finance,"Comprehensive training program focusing on leveraged buyout (lbo) modeling with practical focus on strategy & implementation, case studies, and hands-on exercises.",6999,Intermediate,Active
405,CS Executive Setting up Business Entities: Executive Training,CS,"Comprehensive training program focusing on cs executive setting up business entities with practical focus on executive training, case studies, and hands-on exercises.",9999,Intermediate,Active
406,RESTful API Engineering with FastAPI: Zero to Hero,Technology,"Comprehensive training program focusing on restful api engineering with fastapi with practical focus on zero to hero, case studies, and hands-on exercises.",4499,Beginner,Active
407,Privilege Escalation & Red Team Tactics: Frameworks & Best Practices,Cybersecurity,"Comprehensive training program focusing on privilege escalation & red team tactics with practical focus on frameworks & best practices, case studies, and hands-on exercises.",6999,Intermediate,Active
408,Strategy & Implementation: Tax Audits under Section 44AB,Taxation,"Comprehensive training program focusing on tax audits under section 44ab with practical focus on strategy & implementation, case studies, and hands-on exercises.",5499,Intermediate,Active
409,Bootcamp: Computer Vision with OpenCV & PyTorch,Data Science,"Comprehensive training program focusing on computer vision with opencv & pytorch with practical focus on bootcamp, case studies, and hands-on exercises.",7499,Intermediate,Active
410,FRM (Financial Risk Manager) Level 1 Prep - Practical Applications,Certification,"Comprehensive training program focusing on frm (financial risk manager) level 1 prep with practical focus on practical applications, case studies, and hands-on exercises.",5999,Beginner,Active
411,Six Sigma Green Belt Certification Training - Executive Training,Certification,"Comprehensive training program focusing on six sigma green belt certification training with practical focus on executive training, case studies, and hands-on exercises.",7999,Intermediate,Active
412,Machine Learning from Scratch with Python - Mastery,Data Science,"Comprehensive training program focusing on machine learning from scratch with python with practical focus on mastery, case studies, and hands-on exercises.",10499,Advanced,Active
413,Labor & Employment Laws Compliance - Hands-on Workshop,Law,"Comprehensive training program focusing on labor & employment laws compliance with practical focus on hands-on workshop, case studies, and hands-on exercises.",5999,Intermediate,Active
414,AWS Certified Solutions Architect Associate: Specialization,Cloud Computing,"Comprehensive training program focusing on aws certified solutions architect associate with practical focus on specialization, case studies, and hands-on exercises.",4999,Beginner,Active
415,Growth Hacking & Viral Loop Engineering - Frameworks & Best Practices,Marketing,"Comprehensive training program focusing on growth hacking & viral loop engineering with practical focus on frameworks & best practices, case studies, and hands-on exercises.",4999,Intermediate,Active
416,Advanced Practice: Retail Banking Operations & Customer KYC,Banking,"Comprehensive training program focusing on retail banking operations & customer kyc with practical focus on advanced practice, case studies, and hands-on exercises.",7999,Advanced,Active
417,Cross-Platform Mobile with Flutter - Hands-on Workshop,Technology,"Comprehensive training program focusing on cross-platform mobile with flutter with practical focus on hands-on workshop, case studies, and hands-on exercises.",5999,Intermediate,Active
418,IFRS and Ind AS Convergence - Mastery,CA,"Comprehensive training program focusing on ifrs and ind as convergence with practical focus on mastery, case studies, and hands-on exercises.",14999,Advanced,Active
419,CMA Intermediate Cost & Management Accounting and Financial Mgmt - Mastery,CMA,"Comprehensive training program focusing on cma intermediate cost & management accounting and financial mgmt with practical focus on mastery, case studies, and hands-on exercises.",13499,Advanced,Active
420,Strategy & Implementation: CMA Intermediate Laws & Ethics,CMA,"Comprehensive training program focusing on cma intermediate laws & ethics with practical focus on strategy & implementation, case studies, and hands-on exercises.",9999,Intermediate,Active
421,B2B Sales Funnels & Account-Based Marketing (ABM): Mastery,Marketing,"Comprehensive training program focusing on b2b sales funnels & account-based marketing (abm) with practical focus on mastery, case studies, and hands-on exercises.",6499,Advanced,Active
422,Strategy & Implementation: Internal Audit & Risk-Based Assurance,CA,"Comprehensive training program focusing on internal audit & risk-based assurance with practical focus on strategy & implementation, case studies, and hands-on exercises.",10999,Intermediate,Active
423,Comprehensive Guide: Site Reliability Engineering (SRE) Best Practices,Technology,"Comprehensive training program focusing on site reliability engineering (sre) best practices with practical focus on comprehensive guide, case studies, and hands-on exercises.",5999,Intermediate,Active
424,Fundamentals: CMA Intermediate Operations Mgmt & Strategic Mgmt,CMA,"Comprehensive training program focusing on cma intermediate operations mgmt & strategic mgmt with practical focus on fundamentals, case studies, and hands-on exercises.",6999,Beginner,Active
425,CA Foundation Accounting Basics: Practical Applications,CA,"Comprehensive training program focusing on ca foundation accounting basics with practical focus on practical applications, case studies, and hands-on exercises.",7999,Beginner,Active
426,Scrum Alliance Certified ScrumMaster (CSM): Fundamentals,Certification,"Comprehensive training program focusing on scrum alliance certified scrummaster (csm) with practical focus on fundamentals, case studies, and hands-on exercises.",5999,Beginner,Active
427,"Arbitration, Conciliation & ADR Mechanism - Comprehensive Guide",Law,"Comprehensive training program focusing on arbitration, conciliation & adr mechanism with practical focus on comprehensive guide, case studies, and hands-on exercises.",5999,Intermediate,Active
428,CS Professional Secretarial Audit & Compliance: Certification Prep,CS,"Comprehensive training program focusing on cs professional secretarial audit & compliance with practical focus on certification prep, case studies, and hands-on exercises.",13499,Advanced,Active
429,Microsoft Azure Administrator (AZ-104) - Bootcamp,Cloud Computing,"Comprehensive training program focusing on microsoft azure administrator (az-104) with practical focus on bootcamp, case studies, and hands-on exercises.",6499,Intermediate,Active
430,Corporate & Economic Laws - Fundamentals,CA,"Comprehensive training program focusing on corporate & economic laws with practical focus on fundamentals, case studies, and hands-on exercises.",7999,Beginner,Active
431,CMA Foundation Business Mathematics & Statistics: Mastery,CMA,"Comprehensive training program focusing on cma foundation business mathematics & statistics with practical focus on mastery, case studies, and hands-on exercises.",6999,Beginner,Active
432,Strategy & Implementation: Venture Capital Due Diligence,Finance,"Comprehensive training program focusing on venture capital due diligence with practical focus on strategy & implementation, case studies, and hands-on exercises.",6999,Intermediate,Active
433,"Specialization: Product Management: MVP, Strategy & Roadmapping",Management,"Comprehensive training program focusing on product management: mvp, strategy & roadmapping with practical focus on specialization, case studies, and hands-on exercises.",5999,Intermediate,Active
434,CMA Final Indirect Tax Laws & Practice - Frameworks & Best Practices,CMA,"Comprehensive training program focusing on cma final indirect tax laws & practice with practical focus on frameworks & best practices, case studies, and hands-on exercises.",13499,Advanced,Active
435,Advanced Practice: Letter of Credit (LC) & Bank Guarantee Mechanism,Banking,"Comprehensive training program focusing on letter of credit (lc) & bank guarantee mechanism with practical focus on advanced practice, case studies, and hands-on exercises.",7999,Advanced,Active
436,Mastery: Deep Learning & Neural Architectures with PyTorch,Data Science,"Comprehensive training program focusing on deep learning & neural architectures with pytorch with practical focus on mastery, case studies, and hands-on exercises.",10499,Advanced,Active
437,Privilege Escalation & Red Team Tactics - Zero to Hero,Cybersecurity,"Comprehensive training program focusing on privilege escalation & red team tactics with practical focus on zero to hero, case studies, and hands-on exercises.",4999,Beginner,Active
438,CS Professional Advanced Tax Laws - Advanced Practice,CS,"Comprehensive training program focusing on cs professional advanced tax laws with practical focus on advanced practice, case studies, and hands-on exercises.",13499,Advanced,Active
439,"Data Governance, Privacy & Ethics - Specialization",Data Science,"Comprehensive training program focusing on data governance, privacy & ethics with practical focus on specialization, case studies, and hands-on exercises.",7499,Intermediate,Active
440,Executive Training: Labor & Employment Laws Compliance,Law,"Comprehensive training program focusing on labor & employment laws compliance with practical focus on executive training, case studies, and hands-on exercises.",5999,Intermediate,Active
441,Certification Prep: Fixed Income Securities & Bond Math,Finance,"Comprehensive training program focusing on fixed income securities & bond math with practical focus on certification prep, case studies, and hands-on exercises.",6999,Intermediate,Active
442,Six Sigma Green Belt Certification Training - Frameworks & Best Practices,Certification,"Comprehensive training program focusing on six sigma green belt certification training with practical focus on frameworks & best practices, case studies, and hands-on exercises.",7999,Intermediate,Active
443,Applied Statistics & Hypothesis Testing: Frameworks & Best Practices,Data Science,"Comprehensive training program focusing on applied statistics & hypothesis testing with practical focus on frameworks & best practices, case studies, and hands-on exercises.",7499,Intermediate,Inactive
444,Real-World Projects: CS Executive Setting up Business Entities,CS,"Comprehensive training program focusing on cs executive setting up business entities with practical focus on real-world projects, case studies, and hands-on exercises.",9999,Intermediate,Inactive
445,Cloud Security Posture Management (CSPM) - Strategy & Implementation,Cybersecurity,"Comprehensive training program focusing on cloud security posture management (cspm) with practical focus on strategy & implementation, case studies, and hands-on exercises.",6999,Intermediate,Active
446,Valuation under Companies Act - Specialization,CA,"Comprehensive training program focusing on valuation under companies act with practical focus on specialization, case studies, and hands-on exercises.",10999,Intermediate,Active
447,Deep Learning & Neural Architectures with PyTorch: Real-World Projects,Data Science,"Comprehensive training program focusing on deep learning & neural architectures with pytorch with practical focus on real-world projects, case studies, and hands-on exercises.",10499,Advanced,Active
448,Cross-Functional Team Collaboration & OKRs - Specialization,Management,"Comprehensive training program focusing on cross-functional team collaboration & okrs with practical focus on specialization, case studies, and hands-on exercises.",5999,Intermediate,Active
449,Certified Internal Auditor (CIA) Comprehensive: Mastery,Certification,"Comprehensive training program focusing on certified internal auditor (cia) comprehensive with practical focus on mastery, case studies, and hands-on exercises.",10999,Advanced,Active
450,MLOps: Production ML Pipelines with MLflow - Zero to Hero,Data Science,"Comprehensive training program focusing on mlops: production ml pipelines with mlflow with practical focus on zero to hero, case studies, and hands-on exercises.",5499,Beginner,Active
451,CS Executive Jurisprudence & Interpretation: Fundamentals,CS,"Comprehensive training program focusing on cs executive jurisprudence & interpretation with practical focus on fundamentals, case studies, and hands-on exercises.",6999,Beginner,Active
452,Executive Training: CS Executive Jurisprudence & Interpretation,CS,"Comprehensive training program focusing on cs executive jurisprudence & interpretation with practical focus on executive training, case studies, and hands-on exercises.",9999,Intermediate,Active
453,CMA Final Indirect Tax Laws & Practice - Fundamentals,CMA,"Comprehensive training program focusing on cma final indirect tax laws & practice with practical focus on fundamentals, case studies, and hands-on exercises.",6999,Beginner,Active
454,Java Spring Boot Enterprise Architecture: Bootcamp,Technology,"Comprehensive training program focusing on java spring boot enterprise architecture with practical focus on bootcamp, case studies, and hands-on exercises.",7999,Advanced,Active
455,Network Security Architecture & Firewalls - Executive Training,Cybersecurity,"Comprehensive training program focusing on network security architecture & firewalls with practical focus on executive training, case studies, and hands-on exercises.",9499,Advanced,Active
456,Certified Fraud Examiner (CFE) Exam Prep: Strategy & Implementation,Certification,"Comprehensive training program focusing on certified fraud examiner (cfe) exam prep with practical focus on strategy & implementation, case studies, and hands-on exercises.",7999,Intermediate,Active
457,Linux Systems Administration & Shell Scripting - Advanced Practice,Technology,"Comprehensive training program focusing on linux systems administration & shell scripting with practical focus on advanced practice, case studies, and hands-on exercises.",7999,Advanced,Active
458,Predictive Business Analytics with R - Fundamentals,Business Analytics,"Comprehensive training program focusing on predictive business analytics with r with practical focus on fundamentals, case studies, and hands-on exercises.",4499,Beginner,Active
459,CA Intermediate Corporate Accounting: Practical Applications,CA,"Comprehensive training program focusing on ca intermediate corporate accounting with practical focus on practical applications, case studies, and hands-on exercises.",10999,Intermediate,Active
460,"Bootcamp: Legal Drafting, Notice Writing & Petitions",Law,"Comprehensive training program focusing on legal drafting, notice writing & petitions with practical focus on bootcamp, case studies, and hands-on exercises.",5999,Intermediate,Active
461,CA Intermediate Costing & FM - Real-World Projects,CA,"Comprehensive training program focusing on ca intermediate costing & fm with practical focus on real-world projects, case studies, and hands-on exercises.",10999,Intermediate,Active
462,Credit Risk Analysis & Underwriting: Frameworks & Best Practices,Finance,"Comprehensive training program focusing on credit risk analysis & underwriting with practical focus on frameworks & best practices, case studies, and hands-on exercises.",6999,Intermediate,Active
463,Hands-on Workshop: Cross-Functional Team Collaboration & OKRs,Management,"Comprehensive training program focusing on cross-functional team collaboration & okrs with practical focus on hands-on workshop, case studies, and hands-on exercises.",5999,Intermediate,Active
464,Mastery: Customer Lifetime Value & Churn Modeling,Business Analytics,"Comprehensive training program focusing on customer lifetime value & churn modeling with practical focus on mastery, case studies, and hands-on exercises.",7999,Advanced,Active
465,DevOps Engineering with CI/CD Pipelines - Mastery,Technology,"Comprehensive training program focusing on devops engineering with ci/cd pipelines with practical focus on mastery, case studies, and hands-on exercises.",7999,Advanced,Active
466,Practical Applications: IFRS and Ind AS Convergence,CA,"Comprehensive training program focusing on ifrs and ind as convergence with practical focus on practical applications, case studies, and hands-on exercises.",10999,Intermediate,Active
467,Accounts Payable & Receivable Automation: Mastery,Accounting,"Comprehensive training program focusing on accounts payable & receivable automation with practical focus on mastery, case studies, and hands-on exercises.",5999,Advanced,Active
468,Hands-on Workshop: CMA Intermediate Company Accounts & Audit,CMA,"Comprehensive training program focusing on cma intermediate company accounts & audit with practical focus on hands-on workshop, case studies, and hands-on exercises.",9999,Intermediate,Active
469,Frameworks & Best Practices: Asset & Liability Management (ALM),Finance,"Comprehensive training program focusing on asset & liability management (alm) with practical focus on frameworks & best practices, case studies, and hands-on exercises.",6999,Intermediate,Active
470,Executive Training: CMA Intermediate Direct Taxation,CMA,"Comprehensive training program focusing on cma intermediate direct taxation with practical focus on executive training, case studies, and hands-on exercises.",9999,Intermediate,Active
471,Internal Audit & Risk-Based Assurance - Practical Applications,CA,"Comprehensive training program focusing on internal audit & risk-based assurance with practical focus on practical applications, case studies, and hands-on exercises.",10999,Intermediate,Inactive
472,Tax Audits under Section 44AB: Comprehensive Guide,Taxation,"Comprehensive training program focusing on tax audits under section 44ab with practical focus on comprehensive guide, case studies, and hands-on exercises.",5499,Intermediate,Inactive
473,Advanced Practice: Islamic Finance Principles,Finance,"Comprehensive training program focusing on islamic finance principles with practical focus on advanced practice, case studies, and hands-on exercises.",9499,Advanced,Active
474,Cost Sheet Preparation & Variance Analysis - Zero to Hero,Accounting,"Comprehensive training program focusing on cost sheet preparation & variance analysis with practical focus on zero to hero, case studies, and hands-on exercises.",2999,Beginner,Active
475,Mastery: Direct Tax Withholding (TDS/TCS) Compliance,Taxation,"Comprehensive training program focusing on direct tax withholding (tds/tcs) compliance with practical focus on mastery, case studies, and hands-on exercises.",7499,Advanced,Active
476,ESG Investing & Sustainable Finance Frameworks - Advanced Practice,Finance,"Comprehensive training program focusing on esg investing & sustainable finance frameworks with practical focus on advanced practice, case studies, and hands-on exercises.",9499,Advanced,Active
477,Fundamentals: Fintech Innovations & Digital Payment Ecosystems,Banking,"Comprehensive training program focusing on fintech innovations & digital payment ecosystems with practical focus on fundamentals, case studies, and hands-on exercises.",4499,Beginner,Active
478,CA Foundation Business Mathematics - Crash Course,CA,"Comprehensive training program focusing on ca foundation business mathematics with practical focus on crash course, case studies, and hands-on exercises.",7999,Beginner,Active
479,Frameworks & Best Practices: Expatriate Taxation & Dual Residence Issues,Taxation,"Comprehensive training program focusing on expatriate taxation & dual residence issues with practical focus on frameworks & best practices, case studies, and hands-on exercises.",5499,Intermediate,Inactive
480,ESG Investing & Sustainable Finance Frameworks - Comprehensive Guide,Finance,"Comprehensive training program focusing on esg investing & sustainable finance frameworks with practical focus on comprehensive guide, case studies, and hands-on exercises.",6999,Intermediate,Active
481,Certification Prep: CMA Intermediate Operations Mgmt & Strategic Mgmt,CMA,"Comprehensive training program focusing on cma intermediate operations mgmt & strategic mgmt with practical focus on certification prep, case studies, and hands-on exercises.",9999,Intermediate,Active
482,CFA Level 1 Complete Curriculum Review: Frameworks & Best Practices,Certification,"Comprehensive training program focusing on cfa level 1 complete curriculum review with practical focus on frameworks & best practices, case studies, and hands-on exercises.",5999,Beginner,Active
483,Certification Prep: MLOps: Production ML Pipelines with MLflow,Data Science,"Comprehensive training program focusing on mlops: production ml pipelines with mlflow with practical focus on certification prep, case studies, and hands-on exercises.",7499,Intermediate,Active
484,Big Data Processing with Databricks & PySpark: Crash Course,Data Science,"Comprehensive training program focusing on big data processing with databricks & pyspark with practical focus on crash course, case studies, and hands-on exercises.",7499,Intermediate,Active
485,In-Depth Series: Malware Analysis & Reverse Engineering,Cybersecurity,"Comprehensive training program focusing on malware analysis & reverse engineering with practical focus on in-depth series, case studies, and hands-on exercises.",6999,Intermediate,Active
486,CMA Intermediate Indirect Taxation - Bootcamp,CMA,"Comprehensive training program focusing on cma intermediate indirect taxation with practical focus on bootcamp, case studies, and hands-on exercises.",9999,Intermediate,Active
487,Advanced Practice: Six Sigma Green Belt Certification Training,Certification,"Comprehensive training program focusing on six sigma green belt certification training with practical focus on advanced practice, case studies, and hands-on exercises.",10999,Advanced,Active
488,Budgetary Control & Standard Costing - Mastery,Accounting,"Comprehensive training program focusing on budgetary control & standard costing with practical focus on mastery, case studies, and hands-on exercises.",5999,Advanced,Active
489,Time Series Forecasting & Anomaly Detection - Practical Applications,Data Science,"Comprehensive training program focusing on time series forecasting & anomaly detection with practical focus on practical applications, case studies, and hands-on exercises.",7499,Intermediate,Active
490,Islamic Finance Principles: Zero to Hero,Finance,"Comprehensive training program focusing on islamic finance principles with practical focus on zero to hero, case studies, and hands-on exercises.",4999,Beginner,Active
491,Mastery: Advanced Auditing and Professional Ethics,CA,"Comprehensive training program focusing on advanced auditing and professional ethics with practical focus on mastery, case studies, and hands-on exercises.",14999,Advanced,Active
492,Human Resource Management & Talent Acquisition: Zero to Hero,Management,"Comprehensive training program focusing on human resource management & talent acquisition with practical focus on zero to hero, case studies, and hands-on exercises.",4499,Beginner,Active
493,Credit Risk Analysis & Underwriting - Fundamentals,Finance,"Comprehensive training program focusing on credit risk analysis & underwriting with practical focus on fundamentals, case studies, and hands-on exercises.",4999,Beginner,Active
494,Time Series Forecasting & Anomaly Detection - Real-World Projects,Data Science,"Comprehensive training program focusing on time series forecasting & anomaly detection with practical focus on real-world projects, case studies, and hands-on exercises.",7499,Intermediate,Active
495,Certified Internal Auditor (CIA) Comprehensive - In-Depth Series,Certification,"Comprehensive training program focusing on certified internal auditor (cia) comprehensive with practical focus on in-depth series, case studies, and hands-on exercises.",7999,Intermediate,Active
496,Zero to Hero: Deep Learning & Neural Architectures with PyTorch,Data Science,"Comprehensive training program focusing on deep learning & neural architectures with pytorch with practical focus on zero to hero, case studies, and hands-on exercises.",5499,Beginner,Active
497,"Corporate Mergers, Demergers & Amalgamations Law - Real-World Projects",Law,"Comprehensive training program focusing on corporate mergers, demergers & amalgamations law with practical focus on real-world projects, case studies, and hands-on exercises.",5999,Intermediate,Active
498,CA Foundation Accounting Basics: Strategy & Implementation,CA,"Comprehensive training program focusing on ca foundation accounting basics with practical focus on strategy & implementation, case studies, and hands-on exercises.",7999,Beginner,Active
499,Personal Financial Planning & Wealth Mgmt: Fundamentals,Finance,"Comprehensive training program focusing on personal financial planning & wealth mgmt with practical focus on fundamentals, case studies, and hands-on exercises.",4999,Beginner,Active
500,Working Capital Assessment (MPBF & CMA Data): In-Depth Series,Banking,"Comprehensive training program focusing on working capital assessment (mpbf & cma data) with practical focus on in-depth series, case studies, and hands-on exercises.",5999,Intermediate,Active
501,"Advanced Practice: CS Executive Economic, Business & Commercial Laws",CS,"Comprehensive training program focusing on cs executive economic, business & commercial laws with practical focus on advanced practice, case studies, and hands-on exercises.",13499,Advanced,Active
502,In-Depth Series: AWS Certified Solutions Architect Associate,Cloud Computing,"Comprehensive training program focusing on aws certified solutions architect associate with practical focus on in-depth series, case studies, and hands-on exercises.",4999,Beginner,Active
503,Zero to Hero: CA Intermediate Taxation & Law,CA,"Comprehensive training program focusing on ca intermediate taxation & law with practical focus on zero to hero, case studies, and hands-on exercises.",7999,Beginner,Active
504,Terraform for Multi-Cloud Infrastructure as Code: Bootcamp,Cloud Computing,"Comprehensive training program focusing on terraform for multi-cloud infrastructure as code with practical focus on bootcamp, case studies, and hands-on exercises.",6499,Intermediate,Active
505,"Intellectual Property: Patents, Trademarks & Copyrights: Specialization",Law,"Comprehensive training program focusing on intellectual property: patents, trademarks & copyrights with practical focus on specialization, case studies, and hands-on exercises.",5999,Intermediate,Active
506,Zero to Hero: Tax Audits under Section 44AB,Taxation,"Comprehensive training program focusing on tax audits under section 44ab with practical focus on zero to hero, case studies, and hands-on exercises.",3999,Beginner,Inactive
507,CMA Final Corporate Laws & Compliance: Certification Prep,CMA,"Comprehensive training program focusing on cma final corporate laws & compliance with practical focus on certification prep, case studies, and hands-on exercises.",13499,Advanced,Active
508,Human Resource Management & Talent Acquisition: Mastery,Management,"Comprehensive training program focusing on human resource management & talent acquisition with practical focus on mastery, case studies, and hands-on exercises.",7999,Advanced,Active
509,Bootcamp: CS Professional Multidisciplinary Case Studies,CS,"Comprehensive training program focusing on cs professional multidisciplinary case studies with practical focus on bootcamp, case studies, and hands-on exercises.",13499,Advanced,Active
510,CS Executive Financial & Strategic Management: Frameworks & Best Practices,CS,"Comprehensive training program focusing on cs executive financial & strategic management with practical focus on frameworks & best practices, case studies, and hands-on exercises.",9999,Intermediate,Active
511,Corporate Treasury Management: Frameworks & Best Practices,Finance,"Comprehensive training program focusing on corporate treasury management with practical focus on frameworks & best practices, case studies, and hands-on exercises.",6999,Intermediate,Active
512,Data Visualization with Matplotlib & Seaborn - Bootcamp,Data Science,"Comprehensive training program focusing on data visualization with matplotlib & seaborn with practical focus on bootcamp, case studies, and hands-on exercises.",7499,Intermediate,Active
513,Expatriate Taxation & Dual Residence Issues - Practical Applications,Taxation,"Comprehensive training program focusing on expatriate taxation & dual residence issues with practical focus on practical applications, case studies, and hands-on exercises.",5499,Intermediate,Active
514,Hands-on Workshop: Reinforcement Learning in Practice,Data Science,"Comprehensive training program focusing on reinforcement learning in practice with practical focus on hands-on workshop, case studies, and hands-on exercises.",7499,Intermediate,Inactive
515,Zoho Books End-to-End Accounting: Specialization,Accounting,"Comprehensive training program focusing on zoho books end-to-end accounting with practical focus on specialization, case studies, and hands-on exercises.",4499,Intermediate,Active
516,Zoho Books End-to-End Accounting - Fundamentals,Accounting,"Comprehensive training program focusing on zoho books end-to-end accounting with practical focus on fundamentals, case studies, and hands-on exercises.",2999,Beginner,Active
517,Real-World Projects: Project Finance & Public-Private Partnerships,Finance,"Comprehensive training program focusing on project finance & public-private partnerships with practical focus on real-world projects, case studies, and hands-on exercises.",6999,Intermediate,Active
518,CMA Foundation Fundamentals of Economics & Mgmt - Bootcamp,CMA,"Comprehensive training program focusing on cma foundation fundamentals of economics & mgmt with practical focus on bootcamp, case studies, and hands-on exercises.",6999,Beginner,Active
519,Corporate Treasury Management - Hands-on Workshop,Finance,"Comprehensive training program focusing on corporate treasury management with practical focus on hands-on workshop, case studies, and hands-on exercises.",6999,Intermediate,Active
520,Site Reliability Engineering (SRE) Best Practices - Practical Applications,Technology,"Comprehensive training program focusing on site reliability engineering (sre) best practices with practical focus on practical applications, case studies, and hands-on exercises.",5999,Intermediate,Active
521,Commodity Trading & Hedging Strategies: Zero to Hero,Finance,"Comprehensive training program focusing on commodity trading & hedging strategies with practical focus on zero to hero, case studies, and hands-on exercises.",4999,Beginner,Inactive
522,Incident Response & Digital Forensics (DFIR) - Zero to Hero,Cybersecurity,"Comprehensive training program focusing on incident response & digital forensics (dfir) with practical focus on zero to hero, case studies, and hands-on exercises.",4999,Beginner,Active
523,CA Foundation Business Mathematics - Executive Training,CA,"Comprehensive training program focusing on ca foundation business mathematics with practical focus on executive training, case studies, and hands-on exercises.",7999,Beginner,Active
524,CMA Intermediate Financial Accounting: In-Depth Series,CMA,"Comprehensive training program focusing on cma intermediate financial accounting with practical focus on in-depth series, case studies, and hands-on exercises.",9999,Intermediate,Active
525,FRM (Financial Risk Manager) Level 1 Prep - In-Depth Series,Certification,"Comprehensive training program focusing on frm (financial risk manager) level 1 prep with practical focus on in-depth series, case studies, and hands-on exercises.",5999,Beginner,Active
526,Strategy & Implementation: iOS Development with Swift & SwiftUI,Technology,"Comprehensive training program focusing on ios development with swift & swiftui with practical focus on strategy & implementation, case studies, and hands-on exercises.",5999,Intermediate,Active
527,CFA Level 2 Deep Dive & Practice Sets - Specialization,Certification,"Comprehensive training program focusing on cfa level 2 deep dive & practice sets with practical focus on specialization, case studies, and hands-on exercises.",10999,Advanced,Active
528,Practical Applications: Customs Law & Foreign Trade Policy (FTP),Taxation,"Comprehensive training program focusing on customs law & foreign trade policy (ftp) with practical focus on practical applications, case studies, and hands-on exercises.",5499,Intermediate,Active
529,Certification Prep: Cross-Functional Team Collaboration & OKRs,Management,"Comprehensive training program focusing on cross-functional team collaboration & okrs with practical focus on certification prep, case studies, and hands-on exercises.",5999,Intermediate,Active
530,Crash Course: Information Systems Control & Audit (ISCA),CA,"Comprehensive training program focusing on information systems control & audit (isca) with practical focus on crash course, case studies, and hands-on exercises.",10999,Intermediate,Active
531,Executive Training: CS Professional Multidisciplinary Case Studies,CS,"Comprehensive training program focusing on cs professional multidisciplinary case studies with practical focus on executive training, case studies, and hands-on exercises.",13499,Advanced,Active
532,Comprehensive Guide: Fintech Innovations & Digital Payment Ecosystems,Banking,"Comprehensive training program focusing on fintech innovations & digital payment ecosystems with practical focus on comprehensive guide, case studies, and hands-on exercises.",5999,Intermediate,Active
533,Scrum Alliance Certified ScrumMaster (CSM): Crash Course,Certification,"Comprehensive training program focusing on scrum alliance certified scrummaster (csm) with practical focus on crash course, case studies, and hands-on exercises.",7999,Intermediate,Active
534,Cloud Cost Optimization (FinOps) Best Practices - Advanced Practice,Cloud Computing,"Comprehensive training program focusing on cloud cost optimization (finops) best practices with practical focus on advanced practice, case studies, and hands-on exercises.",8999,Advanced,Active
535,Certified Internal Auditor (CIA) Comprehensive - Hands-on Workshop,Certification,"Comprehensive training program focusing on certified internal auditor (cia) comprehensive with practical focus on hands-on workshop, case studies, and hands-on exercises.",7999,Intermediate,Active
536,Forensic Accounting for CA Practice: Strategy & Implementation,CA,"Comprehensive training program focusing on forensic accounting for ca practice with practical focus on strategy & implementation, case studies, and hands-on exercises.",10999,Intermediate,Active
537,CS Executive Tax Laws & Practice - Certification Prep,CS,"Comprehensive training program focusing on cs executive tax laws & practice with practical focus on certification prep, case studies, and hands-on exercises.",9999,Intermediate,Active
538,Deep Learning & Neural Architectures with PyTorch - Frameworks & Best Practices,Data Science,"Comprehensive training program focusing on deep learning & neural architectures with pytorch with practical focus on frameworks & best practices, case studies, and hands-on exercises.",10499,Advanced,Active
539,CFA Level 1 Complete Curriculum Review: Practical Applications,Certification,"Comprehensive training program focusing on cfa level 1 complete curriculum review with practical focus on practical applications, case studies, and hands-on exercises.",5999,Beginner,Active
540,Comprehensive Guide: Cloud Security Posture Management (CSPM),Cybersecurity,"Comprehensive training program focusing on cloud security posture management (cspm) with practical focus on comprehensive guide, case studies, and hands-on exercises.",6999,Intermediate,Active
541,Corporate & Economic Laws: Executive Training,CA,"Comprehensive training program focusing on corporate & economic laws with practical focus on executive training, case studies, and hands-on exercises.",10999,Intermediate,Active
542,MLOps: Production ML Pipelines with MLflow - Hands-on Workshop,Data Science,"Comprehensive training program focusing on mlops: production ml pipelines with mlflow with practical focus on hands-on workshop, case studies, and hands-on exercises.",7499,Intermediate,Active
543,Frameworks & Best Practices: CA Intermediate Taxation & Law,CA,"Comprehensive training program focusing on ca intermediate taxation & law with practical focus on frameworks & best practices, case studies, and hands-on exercises.",10999,Intermediate,Active
544,CMA Foundation Fundamentals of Accounting - Crash Course,CMA,"Comprehensive training program focusing on cma foundation fundamentals of accounting with practical focus on crash course, case studies, and hands-on exercises.",6999,Beginner,Active
545,Mastery: Cloud Cost Optimization (FinOps) Best Practices,Cloud Computing,"Comprehensive training program focusing on cloud cost optimization (finops) best practices with practical focus on mastery, case studies, and hands-on exercises.",8999,Advanced,Active
546,Crash Course: E-commerce Growth on Amazon & Shopify,Marketing,"Comprehensive training program focusing on e-commerce growth on amazon & shopify with practical focus on crash course, case studies, and hands-on exercises.",4999,Intermediate,Active
547,HR Analytics & People Metrics - Bootcamp,Business Analytics,"Comprehensive training program focusing on hr analytics & people metrics with practical focus on bootcamp, case studies, and hands-on exercises.",5999,Intermediate,Active
548,In-Depth Series: Edge Computing & Cloud Migration Strategies,Cloud Computing,"Comprehensive training program focusing on edge computing & cloud migration strategies with practical focus on in-depth series, case studies, and hands-on exercises.",6499,Intermediate,Active
549,Android App Development with Kotlin & Jetpack - In-Depth Series,Technology,"Comprehensive training program focusing on android app development with kotlin & jetpack with practical focus on in-depth series, case studies, and hands-on exercises.",5999,Intermediate,Active
550,Corporate Treasury Management - Advanced Practice,Finance,"Comprehensive training program focusing on corporate treasury management with practical focus on advanced practice, case studies, and hands-on exercises.",9499,Advanced,Active
551,QuickBooks Online Practical Bookkeeping - In-Depth Series,Accounting,"Comprehensive training program focusing on quickbooks online practical bookkeeping with practical focus on in-depth series, case studies, and hands-on exercises.",4499,Intermediate,Active
552,Business Model Innovation & Startup Scaling: Zero to Hero,Management,"Comprehensive training program focusing on business model innovation & startup scaling with practical focus on zero to hero, case studies, and hands-on exercises.",4499,Beginner,Active
553,Comprehensive Guide: Corporate Treasury Management,Finance,"Comprehensive training program focusing on corporate treasury management with practical focus on comprehensive guide, case studies, and hands-on exercises.",6999,Intermediate,Active
554,Direct Tax Laws and International Taxation: Practical Applications,CA,"Comprehensive training program focusing on direct tax laws and international taxation with practical focus on practical applications, case studies, and hands-on exercises.",10999,Intermediate,Active
555,Certification Prep: Anti-Money Laundering (AML) & CFT Compliance in Banking,Banking,"Comprehensive training program focusing on anti-money laundering (aml) & cft compliance in banking with practical focus on certification prep, case studies, and hands-on exercises.",5999,Intermediate,Active
556,"Executive Training: Data Governance, Privacy & Ethics",Data Science,"Comprehensive training program focusing on data governance, privacy & ethics with practical focus on executive training, case studies, and hands-on exercises.",7499,Intermediate,Active
557,Strategy & Implementation: Tableau Desktop & Server for Business Insights,Business Analytics,"Comprehensive training program focusing on tableau desktop & server for business insights with practical focus on strategy & implementation, case studies, and hands-on exercises.",5999,Intermediate,Active
558,DevOps Engineering with CI/CD Pipelines: Hands-on Workshop,Technology,"Comprehensive training program focusing on devops engineering with ci/cd pipelines with practical focus on hands-on workshop, case studies, and hands-on exercises.",5999,Intermediate,Active
559,Budgetary Control & Standard Costing: Real-World Projects,Accounting,"Comprehensive training program focusing on budgetary control & standard costing with practical focus on real-world projects, case studies, and hands-on exercises.",4499,Intermediate,Active
560,Applied Statistics & Hypothesis Testing - Hands-on Workshop,Data Science,"Comprehensive training program focusing on applied statistics & hypothesis testing with practical focus on hands-on workshop, case studies, and hands-on exercises.",7499,Intermediate,Active
561,"Corporate Mergers, Demergers & Amalgamations Law - Bootcamp",Law,"Comprehensive training program focusing on corporate mergers, demergers & amalgamations law with practical focus on bootcamp, case studies, and hands-on exercises.",5999,Intermediate,Active
562,CS Executive Securities Laws & Capital Markets - Executive Training,CS,"Comprehensive training program focusing on cs executive securities laws & capital markets with practical focus on executive training, case studies, and hands-on exercises.",9999,Intermediate,Inactive
563,Fundamentals: CFA Level 1 Complete Curriculum Review,Certification,"Comprehensive training program focusing on cfa level 1 complete curriculum review with practical focus on fundamentals, case studies, and hands-on exercises.",5999,Beginner,Active
564,CS Executive Jurisprudence & Interpretation - Strategy & Implementation,CS,"Comprehensive training program focusing on cs executive jurisprudence & interpretation with practical focus on strategy & implementation, case studies, and hands-on exercises.",9999,Intermediate,Active
565,CS Professional Multidisciplinary Case Studies: In-Depth Series,CS,"Comprehensive training program focusing on cs professional multidisciplinary case studies with practical focus on in-depth series, case studies, and hands-on exercises.",13499,Advanced,Inactive
566,"Crash Course: Arbitration, Conciliation & ADR Mechanism",Law,"Comprehensive training program focusing on arbitration, conciliation & adr mechanism with practical focus on crash course, case studies, and hands-on exercises.",5999,Intermediate,Active
567,KPI Scorecards & Executive Reporting: Crash Course,Business Analytics,"Comprehensive training program focusing on kpi scorecards & executive reporting with practical focus on crash course, case studies, and hands-on exercises.",5999,Intermediate,Active
568,Real Estate Financial Modeling (REFM) - Advanced Practice,Finance,"Comprehensive training program focusing on real estate financial modeling (refm) with practical focus on advanced practice, case studies, and hands-on exercises.",9499,Advanced,Active
569,Executive Training: CompTIA Security+ Exam Preparation,Cybersecurity,"Comprehensive training program focusing on comptia security+ exam preparation with practical focus on executive training, case studies, and hands-on exercises.",6999,Intermediate,Active
570,Tally Prime with GST & Inventory Management: Certification Prep,Accounting,"Comprehensive training program focusing on tally prime with gst & inventory management with practical focus on certification prep, case studies, and hands-on exercises.",4499,Intermediate,Active
571,"CS Executive Economic, Business & Commercial Laws: Bootcamp",CS,"Comprehensive training program focusing on cs executive economic, business & commercial laws with practical focus on bootcamp, case studies, and hands-on exercises.",9999,Intermediate,Active
572,FRM (Financial Risk Manager) Level 2 Prep - Advanced Practice,Certification,"Comprehensive training program focusing on frm (financial risk manager) level 2 prep with practical focus on advanced practice, case studies, and hands-on exercises.",10999,Advanced,Active
573,Rust Programming Systems Engineering: Fundamentals,Technology,"Comprehensive training program focusing on rust programming systems engineering with practical focus on fundamentals, case studies, and hands-on exercises.",4499,Beginner,Active
574,Scrum Alliance Certified ScrumMaster (CSM): Specialization,Certification,"Comprehensive training program focusing on scrum alliance certified scrummaster (csm) with practical focus on specialization, case studies, and hands-on exercises.",7999,Intermediate,Active
575,Deep Learning & Neural Architectures with PyTorch - Mastery,Data Science,"Comprehensive training program focusing on deep learning & neural architectures with pytorch with practical focus on mastery, case studies, and hands-on exercises.",10499,Advanced,Active
576,Commodity Trading & Hedging Strategies - Practical Applications,Finance,"Comprehensive training program focusing on commodity trading & hedging strategies with practical focus on practical applications, case studies, and hands-on exercises.",6999,Intermediate,Active
577,Specialization: Cloud Native Storage & Database Architectures,Cloud Computing,"Comprehensive training program focusing on cloud native storage & database architectures with practical focus on specialization, case studies, and hands-on exercises.",8999,Advanced,Active
578,CMA Intermediate Financial Accounting - Frameworks & Best Practices,CMA,"Comprehensive training program focusing on cma intermediate financial accounting with practical focus on frameworks & best practices, case studies, and hands-on exercises.",9999,Intermediate,Active
579,Letter of Credit (LC) & Bank Guarantee Mechanism: Strategy & Implementation,Banking,"Comprehensive training program focusing on letter of credit (lc) & bank guarantee mechanism with practical focus on strategy & implementation, case studies, and hands-on exercises.",5999,Intermediate,Active
580,Google Cloud Professional Cloud Architect: Strategy & Implementation,Cloud Computing,"Comprehensive training program focusing on google cloud professional cloud architect with practical focus on strategy & implementation, case studies, and hands-on exercises.",8999,Advanced,Active
581,Hybrid Cloud Networking & ExpressRoute/DirectConnect - In-Depth Series,Cloud Computing,"Comprehensive training program focusing on hybrid cloud networking & expressroute/directconnect with practical focus on in-depth series, case studies, and hands-on exercises.",6499,Intermediate,Inactive
582,Crash Course: Mergers & Acquisitions (M&A) Execution,Finance,"Comprehensive training program focusing on mergers & acquisitions (m&a) execution with practical focus on crash course, case studies, and hands-on exercises.",6999,Intermediate,Active
583,Labor & Employment Laws Compliance: Fundamentals,Law,"Comprehensive training program focusing on labor & employment laws compliance with practical focus on fundamentals, case studies, and hands-on exercises.",4499,Beginner,Active
584,"Legal Drafting, Notice Writing & Petitions - Mastery",Law,"Comprehensive training program focusing on legal drafting, notice writing & petitions with practical focus on mastery, case studies, and hands-on exercises.",7999,Advanced,Active
585,Fundamentals: Modern C++ and Low-Latency Development,Technology,"Comprehensive training program focusing on modern c++ and low-latency development with practical focus on fundamentals, case studies, and hands-on exercises.",4499,Beginner,Active
586,Data Visualization with Matplotlib & Seaborn - Hands-on Workshop,Data Science,"Comprehensive training program focusing on data visualization with matplotlib & seaborn with practical focus on hands-on workshop, case studies, and hands-on exercises.",7499,Intermediate,Inactive
587,CA Intermediate Taxation & Law: Frameworks & Best Practices,CA,"Comprehensive training program focusing on ca intermediate taxation & law with practical focus on frameworks & best practices, case studies, and hands-on exercises.",10999,Intermediate,Active
588,Practical Applications: Influencer Marketing & Social Media Strategy,Marketing,"Comprehensive training program focusing on influencer marketing & social media strategy with practical focus on practical applications, case studies, and hands-on exercises.",4999,Intermediate,Active
589,Forensic Accounting for CA Practice - In-Depth Series,CA,"Comprehensive training program focusing on forensic accounting for ca practice with practical focus on in-depth series, case studies, and hands-on exercises.",10999,Intermediate,Active
590,International Taxation & Transfer Pricing - Strategy & Implementation,CA,"Comprehensive training program focusing on international taxation & transfer pricing with practical focus on strategy & implementation, case studies, and hands-on exercises.",10999,Intermediate,Inactive
591,Comprehensive Guide: CA Intermediate Costing & FM,CA,"Comprehensive training program focusing on ca intermediate costing & fm with practical focus on comprehensive guide, case studies, and hands-on exercises.",10999,Intermediate,Active
592,QuickBooks Online Practical Bookkeeping: Certification Prep,Accounting,"Comprehensive training program focusing on quickbooks online practical bookkeeping with practical focus on certification prep, case studies, and hands-on exercises.",4499,Intermediate,Active
593,QuickBooks Online Practical Bookkeeping - Hands-on Workshop,Accounting,"Comprehensive training program focusing on quickbooks online practical bookkeeping with practical focus on hands-on workshop, case studies, and hands-on exercises.",4499,Intermediate,Active
594,Mastery: Computer Vision with OpenCV & PyTorch,Data Science,"Comprehensive training program focusing on computer vision with opencv & pytorch with practical focus on mastery, case studies, and hands-on exercises.",10499,Advanced,Active
595,Executive Training: Capital Gains Tax Planning & Exemptions,Taxation,"Comprehensive training program focusing on capital gains tax planning & exemptions with practical focus on executive training, case studies, and hands-on exercises.",5499,Intermediate,Inactive
596,CMA Intermediate Operations Mgmt & Strategic Mgmt - Mastery,CMA,"Comprehensive training program focusing on cma intermediate operations mgmt & strategic mgmt with practical focus on mastery, case studies, and hands-on exercises.",13499,Advanced,Inactive
597,Strategy & Implementation: CMA Final Corporate Financial Reporting (CFR),CMA,"Comprehensive training program focusing on cma final corporate financial reporting (cfr) with practical focus on strategy & implementation, case studies, and hands-on exercises.",13499,Advanced,Active
598,Time Series Forecasting & Anomaly Detection: Strategy & Implementation,Data Science,"Comprehensive training program focusing on time series forecasting & anomaly detection with practical focus on strategy & implementation, case studies, and hands-on exercises.",7499,Intermediate,Active
599,CMA Final Corporate Laws & Compliance - Advanced Practice,CMA,"Comprehensive training program focusing on cma final corporate laws & compliance with practical focus on advanced practice, case studies, and hands-on exercises.",13499,Advanced,Active
600,Cryptography & Cryptanalysis Fundamentals: Crash Course,Cybersecurity,"Comprehensive training program focusing on cryptography & cryptanalysis fundamentals with practical focus on crash course, case studies, and hands-on exercises.",4999,Beginner,Active
601,Marketing Automation with HubSpot & ActiveCampaign - Frameworks & Best Practices,Marketing,"Comprehensive training program focusing on marketing automation with hubspot & activecampaign with practical focus on frameworks & best practices, case studies, and hands-on exercises.",4999,Intermediate,Active
602,Fundamentals: Performance Marketing & Paid Ads on Meta & Google,Marketing,"Comprehensive training program focusing on performance marketing & paid ads on meta & google with practical focus on fundamentals, case studies, and hands-on exercises.",3499,Beginner,Active
603,Bootcamp: CMA Foundation Fundamentals of Laws & Ethics,CMA,"Comprehensive training program focusing on cma foundation fundamentals of laws & ethics with practical focus on bootcamp, case studies, and hands-on exercises.",6999,Beginner,Active
604,Private Equity Deal Structuring - Hands-on Workshop,Finance,"Comprehensive training program focusing on private equity deal structuring with practical focus on hands-on workshop, case studies, and hands-on exercises.",6999,Intermediate,Active
605,Real-World Projects: Certified Fraud Examiner (CFE) Exam Prep,Certification,"Comprehensive training program focusing on certified fraud examiner (cfe) exam prep with practical focus on real-world projects, case studies, and hands-on exercises.",7999,Intermediate,Active
606,AWS Certified Solutions Architect Professional: Zero to Hero,Cloud Computing,"Comprehensive training program focusing on aws certified solutions architect professional with practical focus on zero to hero, case studies, and hands-on exercises.",4999,Beginner,Active
607,Hands-on Workshop: Internal Audit & Risk-Based Assurance,CA,"Comprehensive training program focusing on internal audit & risk-based assurance with practical focus on hands-on workshop, case studies, and hands-on exercises.",10999,Intermediate,Active
608,Excel VBA & Macro Automation for Analysts: Comprehensive Guide,Business Analytics,"Comprehensive training program focusing on excel vba & macro automation for analysts with practical focus on comprehensive guide, case studies, and hands-on exercises.",5999,Intermediate,Active
609,Hands-on Workshop: Data Warehousing with Snowflake & BigQuery,Data Science,"Comprehensive training program focusing on data warehousing with snowflake & bigquery with practical focus on hands-on workshop, case studies, and hands-on exercises.",7499,Intermediate,Active
610,FEMA Regulations & Cross-Border Transactions - Advanced Practice,CS,"Comprehensive training program focusing on fema regulations & cross-border transactions with practical focus on advanced practice, case studies, and hands-on exercises.",13499,Advanced,Active
611,Big Data Processing with Databricks & PySpark - Certification Prep,Data Science,"Comprehensive training program focusing on big data processing with databricks & pyspark with practical focus on certification prep, case studies, and hands-on exercises.",7499,Intermediate,Active
612,Cloud Security Posture Management (CSPM) - Hands-on Workshop,Cybersecurity,"Comprehensive training program focusing on cloud security posture management (cspm) with practical focus on hands-on workshop, case studies, and hands-on exercises.",6999,Intermediate,Active
613,Bootcamp: Venture Capital Due Diligence,Finance,"Comprehensive training program focusing on venture capital due diligence with practical focus on bootcamp, case studies, and hands-on exercises.",6999,Intermediate,Active
614,Search Engine Optimization (SEO) & Technical Audits: Real-World Projects,Marketing,"Comprehensive training program focusing on search engine optimization (seo) & technical audits with practical focus on real-world projects, case studies, and hands-on exercises.",4999,Intermediate,Inactive
615,Marketing Analytics & Attribution Modeling - Frameworks & Best Practices,Business Analytics,"Comprehensive training program focusing on marketing analytics & attribution modeling with practical focus on frameworks & best practices, case studies, and hands-on exercises.",5999,Intermediate,Active
616,Practical Applications: Cloud Native Storage & Database Architectures,Cloud Computing,"Comprehensive training program focusing on cloud native storage & database architectures with practical focus on practical applications, case studies, and hands-on exercises.",8999,Advanced,Active
617,Cross-Functional Team Collaboration & OKRs - Executive Training,Management,"Comprehensive training program focusing on cross-functional team collaboration & okrs with practical focus on executive training, case studies, and hands-on exercises.",5999,Intermediate,Active
618,Fundamentals: Design Thinking & Human-Centered Innovation,Management,"Comprehensive training program focusing on design thinking & human-centered innovation with practical focus on fundamentals, case studies, and hands-on exercises.",4499,Beginner,Active
619,International Taxation & Transfer Pricing - Zero to Hero,CA,"Comprehensive training program focusing on international taxation & transfer pricing with practical focus on zero to hero, case studies, and hands-on exercises.",7999,Beginner,Active
620,Expatriate Taxation & Dual Residence Issues: In-Depth Series,Taxation,"Comprehensive training program focusing on expatriate taxation & dual residence issues with practical focus on in-depth series, case studies, and hands-on exercises.",5499,Intermediate,Active
621,Bootcamp: Certified Information Systems Auditor (CISA),Certification,"Comprehensive training program focusing on certified information systems auditor (cisa) with practical focus on bootcamp, case studies, and hands-on exercises.",7999,Intermediate,Active
622,International Taxation & Base Erosion (BEPS) - Certification Prep,Taxation,"Comprehensive training program focusing on international taxation & base erosion (beps) with practical focus on certification prep, case studies, and hands-on exercises.",5499,Intermediate,Active
623,CA Intermediate Costing & FM: Zero to Hero,CA,"Comprehensive training program focusing on ca intermediate costing & fm with practical focus on zero to hero, case studies, and hands-on exercises.",7999,Beginner,Active
624,QuickBooks Online Practical Bookkeeping - Real-World Projects,Accounting,"Comprehensive training program focusing on quickbooks online practical bookkeeping with practical focus on real-world projects, case studies, and hands-on exercises.",4499,Intermediate,Active
625,CS Executive Securities Laws & Capital Markets: Real-World Projects,CS,"Comprehensive training program focusing on cs executive securities laws & capital markets with practical focus on real-world projects, case studies, and hands-on exercises.",9999,Intermediate,Active
626,iOS Development with Swift & SwiftUI - Fundamentals,Technology,"Comprehensive training program focusing on ios development with swift & swiftui with practical focus on fundamentals, case studies, and hands-on exercises.",4499,Beginner,Active
627,Direct Tax Laws and International Taxation: Fundamentals,CA,"Comprehensive training program focusing on direct tax laws and international taxation with practical focus on fundamentals, case studies, and hands-on exercises.",7999,Beginner,Active
628,Fixed Asset Accounting & Depreciation Schedules: Strategy & Implementation,Accounting,"Comprehensive training program focusing on fixed asset accounting & depreciation schedules with practical focus on strategy & implementation, case studies, and hands-on exercises.",4499,Intermediate,Active
629,CS Executive Tax Laws & Practice: Real-World Projects,CS,"Comprehensive training program focusing on cs executive tax laws & practice with practical focus on real-world projects, case studies, and hands-on exercises.",9999,Intermediate,Active
630,Agile Sprint Planning & Jira Mastery: Frameworks & Best Practices,Management,"Comprehensive training program focusing on agile sprint planning & jira mastery with practical focus on frameworks & best practices, case studies, and hands-on exercises.",7999,Advanced,Active
631,CS Executive Company Law and Practice: Zero to Hero,CS,"Comprehensive training program focusing on cs executive company law and practice with practical focus on zero to hero, case studies, and hands-on exercises.",6999,Beginner,Active
632,Crash Course: KPI Scorecards & Executive Reporting,Business Analytics,"Comprehensive training program focusing on kpi scorecards & executive reporting with practical focus on crash course, case studies, and hands-on exercises.",5999,Intermediate,Active
633,Hands-on Workshop: CS Professional Secretarial Audit & Compliance,CS,"Comprehensive training program focusing on cs professional secretarial audit & compliance with practical focus on hands-on workshop, case studies, and hands-on exercises.",13499,Advanced,Inactive
634,SOC Analyst Level 1 & Threat Monitoring - Mastery,Cybersecurity,"Comprehensive training program focusing on soc analyst level 1 & threat monitoring with practical focus on mastery, case studies, and hands-on exercises.",4999,Beginner,Active
635,Strategy & Implementation: Go (Golang) Microservices Architecture,Technology,"Comprehensive training program focusing on go (golang) microservices architecture with practical focus on strategy & implementation, case studies, and hands-on exercises.",7999,Advanced,Active
636,Cloud Native Storage & Database Architectures - Executive Training,Cloud Computing,"Comprehensive training program focusing on cloud native storage & database architectures with practical focus on executive training, case studies, and hands-on exercises.",8999,Advanced,Active
637,Frameworks & Best Practices: CS Executive Financial & Strategic Management,CS,"Comprehensive training program focusing on cs executive financial & strategic management with practical focus on frameworks & best practices, case studies, and hands-on exercises.",9999,Intermediate,Active
638,E-commerce Growth on Amazon & Shopify: Executive Training,Marketing,"Comprehensive training program focusing on e-commerce growth on amazon & shopify with practical focus on executive training, case studies, and hands-on exercises.",4999,Intermediate,Active
639,Labor & Employment Laws Compliance: Zero to Hero,Law,"Comprehensive training program focusing on labor & employment laws compliance with practical focus on zero to hero, case studies, and hands-on exercises.",4499,Beginner,Active
640,Credit Risk Analysis & Underwriting - Real-World Projects,Finance,"Comprehensive training program focusing on credit risk analysis & underwriting with practical focus on real-world projects, case studies, and hands-on exercises.",6999,Intermediate,Active
641,Marketing Analytics & Attribution Modeling: Zero to Hero,Business Analytics,"Comprehensive training program focusing on marketing analytics & attribution modeling with practical focus on zero to hero, case studies, and hands-on exercises.",4499,Beginner,Active
642,DevOps Engineering with CI/CD Pipelines: Mastery,Technology,"Comprehensive training program focusing on devops engineering with ci/cd pipelines with practical focus on mastery, case studies, and hands-on exercises.",7999,Advanced,Active
643,Hands-on Workshop: Financial Services and Capital Markets,CA,"Comprehensive training program focusing on financial services and capital markets with practical focus on hands-on workshop, case studies, and hands-on exercises.",10999,Intermediate,Active
644,RESTful API Engineering with FastAPI - Hands-on Workshop,Technology,"Comprehensive training program focusing on restful api engineering with fastapi with practical focus on hands-on workshop, case studies, and hands-on exercises.",5999,Intermediate,Active
645,Mastery: CA Foundation Business Mathematics,CA,"Comprehensive training program focusing on ca foundation business mathematics with practical focus on mastery, case studies, and hands-on exercises.",7999,Beginner,Active
646,Certification Prep: Operations Excellence & Lean Six Sigma,Management,"Comprehensive training program focusing on operations excellence & lean six sigma with practical focus on certification prep, case studies, and hands-on exercises.",5999,Intermediate,Active
647,Frameworks & Best Practices: Terraform for Multi-Cloud Infrastructure as Code,Cloud Computing,"Comprehensive training program focusing on terraform for multi-cloud infrastructure as code with practical focus on frameworks & best practices, case studies, and hands-on exercises.",6499,Intermediate,Inactive
648,Strategic Financial Management: In-Depth Series,CA,"Comprehensive training program focusing on strategic financial management with practical focus on in-depth series, case studies, and hands-on exercises.",10999,Intermediate,Inactive
649,CMA Intermediate Cost Accounting - Bootcamp,CMA,"Comprehensive training program focusing on cma intermediate cost accounting with practical focus on bootcamp, case studies, and hands-on exercises.",9999,Intermediate,Active
650,Zero to Hero: E-commerce Growth on Amazon & Shopify,Marketing,"Comprehensive training program focusing on e-commerce growth on amazon & shopify with practical focus on zero to hero, case studies, and hands-on exercises.",3499,Beginner,Active
651,Real-World Projects: Full Stack Python with Django & React,Technology,"Comprehensive training program focusing on full stack python with django & react with practical focus on real-world projects, case studies, and hands-on exercises.",5999,Intermediate,Active
652,Certification Prep: Personal Financial Planning & Wealth Mgmt,Finance,"Comprehensive training program focusing on personal financial planning & wealth mgmt with practical focus on certification prep, case studies, and hands-on exercises.",6999,Intermediate,Active
653,Strategic Financial Management: Practical Applications,CA,"Comprehensive training program focusing on strategic financial management with practical focus on practical applications, case studies, and hands-on exercises.",10999,Intermediate,Active
654,Private Equity Deal Structuring: Fundamentals,Finance,"Comprehensive training program focusing on private equity deal structuring with practical focus on fundamentals, case studies, and hands-on exercises.",4999,Beginner,Inactive
655,Advanced SQL for Data Analytics & Warehousing - Comprehensive Guide,Business Analytics,"Comprehensive training program focusing on advanced sql for data analytics & warehousing with practical focus on comprehensive guide, case studies, and hands-on exercises.",7999,Advanced,Active
656,Project Finance & Public-Private Partnerships: Mastery,Finance,"Comprehensive training program focusing on project finance & public-private partnerships with practical focus on mastery, case studies, and hands-on exercises.",9499,Advanced,Active
657,Comprehensive Guide: ACCA Financial Accounting & Reporting Prep,Certification,"Comprehensive training program focusing on acca financial accounting & reporting prep with practical focus on comprehensive guide, case studies, and hands-on exercises.",7999,Intermediate,Active
658,Advanced Practice: CFA Level 2 Deep Dive & Practice Sets,Certification,"Comprehensive training program focusing on cfa level 2 deep dive & practice sets with practical focus on advanced practice, case studies, and hands-on exercises.",10999,Advanced,Active
659,CMA Foundation Fundamentals of Laws & Ethics - Comprehensive Guide,CMA,"Comprehensive training program focusing on cma foundation fundamentals of laws & ethics with practical focus on comprehensive guide, case studies, and hands-on exercises.",6999,Beginner,Active
660,Site Reliability Engineering (SRE) Best Practices - Fundamentals,Technology,"Comprehensive training program focusing on site reliability engineering (sre) best practices with practical focus on fundamentals, case studies, and hands-on exercises.",4499,Beginner,Active
661,Fundamentals: Android App Development with Kotlin & Jetpack,Technology,"Comprehensive training program focusing on android app development with kotlin & jetpack with practical focus on fundamentals, case studies, and hands-on exercises.",4499,Beginner,Active
662,Customer Lifetime Value & Churn Modeling - Zero to Hero,Business Analytics,"Comprehensive training program focusing on customer lifetime value & churn modeling with practical focus on zero to hero, case studies, and hands-on exercises.",4499,Beginner,Active
663,Advanced Auditing and Professional Ethics: Mastery,CA,"Comprehensive training program focusing on advanced auditing and professional ethics with practical focus on mastery, case studies, and hands-on exercises.",14999,Advanced,Active
664,Strategy & Implementation: Project Finance & Public-Private Partnerships,Finance,"Comprehensive training program focusing on project finance & public-private partnerships with practical focus on strategy & implementation, case studies, and hands-on exercises.",6999,Intermediate,Active
665,Marketing Automation with HubSpot & ActiveCampaign - Advanced Practice,Marketing,"Comprehensive training program focusing on marketing automation with hubspot & activecampaign with practical focus on advanced practice, case studies, and hands-on exercises.",6499,Advanced,Active
666,Forex Trading & Foreign Exchange Markets: Mastery,Finance,"Comprehensive training program focusing on forex trading & foreign exchange markets with practical focus on mastery, case studies, and hands-on exercises.",9499,Advanced,Active
667,Specialization: Credit Risk Analysis & Underwriting,Finance,"Comprehensive training program focusing on credit risk analysis & underwriting with practical focus on specialization, case studies, and hands-on exercises.",6999,Intermediate,Active
668,CS Professional Multidisciplinary Case Studies - Hands-on Workshop,CS,"Comprehensive training program focusing on cs professional multidisciplinary case studies with practical focus on hands-on workshop, case studies, and hands-on exercises.",13499,Advanced,Active
669,"Hands-on Workshop: Legal Drafting, Notice Writing & Petitions",Law,"Comprehensive training program focusing on legal drafting, notice writing & petitions with practical focus on hands-on workshop, case studies, and hands-on exercises.",5999,Intermediate,Active
670,Fundamentals: CMA Final Corporate Laws & Compliance,CMA,"Comprehensive training program focusing on cma final corporate laws & compliance with practical focus on fundamentals, case studies, and hands-on exercises.",6999,Beginner,Active
671,Privilege Escalation & Red Team Tactics - Comprehensive Guide,Cybersecurity,"Comprehensive training program focusing on privilege escalation & red team tactics with practical focus on comprehensive guide, case studies, and hands-on exercises.",6999,Intermediate,Active
672,Terraform for Multi-Cloud Infrastructure as Code - Executive Training,Cloud Computing,"Comprehensive training program focusing on terraform for multi-cloud infrastructure as code with practical focus on executive training, case studies, and hands-on exercises.",6499,Intermediate,Active
673,Fundamentals: Cross-Platform Mobile with Flutter,Technology,"Comprehensive training program focusing on cross-platform mobile with flutter with practical focus on fundamentals, case studies, and hands-on exercises.",4499,Beginner,Active
674,CA Foundation Accounting Basics - Comprehensive Guide,CA,"Comprehensive training program focusing on ca foundation accounting basics with practical focus on comprehensive guide, case studies, and hands-on exercises.",7999,Beginner,Active
675,Frameworks & Best Practices: CS Professional Advanced Tax Laws,CS,"Comprehensive training program focusing on cs professional advanced tax laws with practical focus on frameworks & best practices, case studies, and hands-on exercises.",13499,Advanced,Active
676,Advanced Financial Reporting - In-Depth Series,CA,"Comprehensive training program focusing on advanced financial reporting with practical focus on in-depth series, case studies, and hands-on exercises.",14999,Advanced,Active
677,CS Executive Tax Laws & Practice - Strategy & Implementation,CS,"Comprehensive training program focusing on cs executive tax laws & practice with practical focus on strategy & implementation, case studies, and hands-on exercises.",9999,Intermediate,Active
678,Certified Management Accountant (US CMA) Prep: Certification Prep,Certification,"Comprehensive training program focusing on certified management accountant (us cma) prep with practical focus on certification prep, case studies, and hands-on exercises.",7999,Intermediate,Active
679,Kubernetes & Docker Container Orchestration: In-Depth Series,Technology,"Comprehensive training program focusing on kubernetes & docker container orchestration with practical focus on in-depth series, case studies, and hands-on exercises.",5999,Intermediate,Active
680,CMA Intermediate Direct Taxation: Mastery,CMA,"Comprehensive training program focusing on cma intermediate direct taxation with practical focus on mastery, case studies, and hands-on exercises.",13499,Advanced,Active
681,Fundamentals: Advanced Auditing and Professional Ethics,CA,"Comprehensive training program focusing on advanced auditing and professional ethics with practical focus on fundamentals, case studies, and hands-on exercises.",7999,Beginner,Active
682,Corporate Tax Assessment & Scrutiny Appeals - Advanced Practice,Taxation,"Comprehensive training program focusing on corporate tax assessment & scrutiny appeals with practical focus on advanced practice, case studies, and hands-on exercises.",7499,Advanced,Inactive
683,Recommendation Systems Engineering - Executive Training,Data Science,"Comprehensive training program focusing on recommendation systems engineering with practical focus on executive training, case studies, and hands-on exercises.",7499,Intermediate,Inactive
684,CMA Final Corporate Laws & Compliance - Frameworks & Best Practices,CMA,"Comprehensive training program focusing on cma final corporate laws & compliance with practical focus on frameworks & best practices, case studies, and hands-on exercises.",13499,Advanced,Active
685,Corporate & Economic Laws: Hands-on Workshop,CA,"Comprehensive training program focusing on corporate & economic laws with practical focus on hands-on workshop, case studies, and hands-on exercises.",10999,Intermediate,Inactive
686,CA Foundation Mercantile Law: Specialization,CA,"Comprehensive training program focusing on ca foundation mercantile law with practical focus on specialization, case studies, and hands-on exercises.",7999,Beginner,Active
687,"CS Professional Governance, Risk & Ethics - In-Depth Series",CS,"Comprehensive training program focusing on cs professional governance, risk & ethics with practical focus on in-depth series, case studies, and hands-on exercises.",13499,Advanced,Inactive
688,Active Directory Security & Pentesting - Certification Prep,Cybersecurity,"Comprehensive training program focusing on active directory security & pentesting with practical focus on certification prep, case studies, and hands-on exercises.",6999,Intermediate,Active
689,Influencer Marketing & Social Media Strategy: In-Depth Series,Marketing,"Comprehensive training program focusing on influencer marketing & social media strategy with practical focus on in-depth series, case studies, and hands-on exercises.",4999,Intermediate,Active
690,Cloud Cost Optimization (FinOps) Best Practices - Strategy & Implementation,Cloud Computing,"Comprehensive training program focusing on cloud cost optimization (finops) best practices with practical focus on strategy & implementation, case studies, and hands-on exercises.",6499,Intermediate,Active
691,KPI Scorecards & Executive Reporting: Advanced Practice,Business Analytics,"Comprehensive training program focusing on kpi scorecards & executive reporting with practical focus on advanced practice, case studies, and hands-on exercises.",7999,Advanced,Inactive
692,Practical Applications: Hybrid Cloud Networking & ExpressRoute/DirectConnect,Cloud Computing,"Comprehensive training program focusing on hybrid cloud networking & expressroute/directconnect with practical focus on practical applications, case studies, and hands-on exercises.",6499,Intermediate,Inactive
693,Forensic Accounting & Ledger Auditing - Executive Training,Accounting,"Comprehensive training program focusing on forensic accounting & ledger auditing with practical focus on executive training, case studies, and hands-on exercises.",4499,Intermediate,Active
694,"CS Executive Economic, Business & Commercial Laws - Hands-on Workshop",CS,"Comprehensive training program focusing on cs executive economic, business & commercial laws with practical focus on hands-on workshop, case studies, and hands-on exercises.",9999,Intermediate,Active
695,International Taxation & Transfer Pricing: Frameworks & Best Practices,CA,"Comprehensive training program focusing on international taxation & transfer pricing with practical focus on frameworks & best practices, case studies, and hands-on exercises.",10999,Intermediate,Inactive
696,CMA Final Cost & Management Audit - Practical Applications,CMA,"Comprehensive training program focusing on cma final cost & management audit with practical focus on practical applications, case studies, and hands-on exercises.",13499,Advanced,Active
697,Crash Course: Commodity Trading & Hedging Strategies,Finance,"Comprehensive training program focusing on commodity trading & hedging strategies with practical focus on crash course, case studies, and hands-on exercises.",6999,Intermediate,Active
698,Fintech Innovations & Digital Payment Ecosystems: Real-World Projects,Banking,"Comprehensive training program focusing on fintech innovations & digital payment ecosystems with practical focus on real-world projects, case studies, and hands-on exercises.",5999,Intermediate,Active
699,Forensic Accounting for CA Practice: Hands-on Workshop,CA,"Comprehensive training program focusing on forensic accounting for ca practice with practical focus on hands-on workshop, case studies, and hands-on exercises.",10999,Intermediate,Active
700,Basel III Capital Adequacy Regulations: Executive Training,Banking,"Comprehensive training program focusing on basel iii capital adequacy regulations with practical focus on executive training, case studies, and hands-on exercises.",5999,Intermediate,Active
701,Bootcamp: HR Analytics & People Metrics,Business Analytics,"Comprehensive training program focusing on hr analytics & people metrics with practical focus on bootcamp, case studies, and hands-on exercises.",5999,Intermediate,Active
702,Executive Training: Customer Lifetime Value & Churn Modeling,Business Analytics,"Comprehensive training program focusing on customer lifetime value & churn modeling with practical focus on executive training, case studies, and hands-on exercises.",5999,Intermediate,Active
703,In-Depth Series: CMA Foundation Fundamentals of Laws & Ethics,CMA,"Comprehensive training program focusing on cma foundation fundamentals of laws & ethics with practical focus on in-depth series, case studies, and hands-on exercises.",6999,Beginner,Active
704,Executive Training: Non-Performing Assets (NPA) Resolution & SARFAESI,Banking,"Comprehensive training program focusing on non-performing assets (npa) resolution & sarfaesi with practical focus on executive training, case studies, and hands-on exercises.",5999,Intermediate,Active
705,Malware Analysis & Reverse Engineering - Certification Prep,Cybersecurity,"Comprehensive training program focusing on malware analysis & reverse engineering with practical focus on certification prep, case studies, and hands-on exercises.",6999,Intermediate,Active
706,Strategy & Implementation: Information Systems Control & Audit (ISCA),CA,"Comprehensive training program focusing on information systems control & audit (isca) with practical focus on strategy & implementation, case studies, and hands-on exercises.",10999,Intermediate,Active
707,Recommendation Systems Engineering: Frameworks & Best Practices,Data Science,"Comprehensive training program focusing on recommendation systems engineering with practical focus on frameworks & best practices, case studies, and hands-on exercises.",7499,Intermediate,Active
708,AWS Certified Solutions Architect Associate - Real-World Projects,Cloud Computing,"Comprehensive training program focusing on aws certified solutions architect associate with practical focus on real-world projects, case studies, and hands-on exercises.",4999,Beginner,Inactive
709,Portfolio Theory & Risk-Adjusted Returns - Advanced Practice,Finance,"Comprehensive training program focusing on portfolio theory & risk-adjusted returns with practical focus on advanced practice, case studies, and hands-on exercises.",9499,Advanced,Active
710,Fixed Income Securities & Bond Math - Specialization,Finance,"Comprehensive training program focusing on fixed income securities & bond math with practical focus on specialization, case studies, and hands-on exercises.",6999,Intermediate,Active
711,"Hands-on Workshop: Intellectual Property: Patents, Trademarks & Copyrights",Law,"Comprehensive training program focusing on intellectual property: patents, trademarks & copyrights with practical focus on hands-on workshop, case studies, and hands-on exercises.",5999,Intermediate,Active
712,iOS Development with Swift & SwiftUI - Bootcamp,Technology,"Comprehensive training program focusing on ios development with swift & swiftui with practical focus on bootcamp, case studies, and hands-on exercises.",5999,Intermediate,Active
713,Data Warehousing with Snowflake & BigQuery - Frameworks & Best Practices,Data Science,"Comprehensive training program focusing on data warehousing with snowflake & bigquery with practical focus on frameworks & best practices, case studies, and hands-on exercises.",7499,Intermediate,Active
714,Bootcamp: CMA Final Indirect Tax Laws & Practice,CMA,"Comprehensive training program focusing on cma final indirect tax laws & practice with practical focus on bootcamp, case studies, and hands-on exercises.",13499,Advanced,Active
715,Practical Applications: Brand Management & Positioning Strategy,Marketing,"Comprehensive training program focusing on brand management & positioning strategy with practical focus on practical applications, case studies, and hands-on exercises.",4999,Intermediate,Inactive
716,Zero to Hero: IFRS and Ind AS Convergence,CA,"Comprehensive training program focusing on ifrs and ind as convergence with practical focus on zero to hero, case studies, and hands-on exercises.",7999,Beginner,Active
717,Comprehensive Guide: GST Annual Return (GSTR-9 & 9C) Filing Workshop,Taxation,"Comprehensive training program focusing on gst annual return (gstr-9 & 9c) filing workshop with practical focus on comprehensive guide, case studies, and hands-on exercises.",5499,Intermediate,Active
718,Advanced Practice: Design Thinking & Human-Centered Innovation,Management,"Comprehensive training program focusing on design thinking & human-centered innovation with practical focus on advanced practice, case studies, and hands-on exercises.",7999,Advanced,Active
719,CMA Final Strategic Financial Management (SFM) - Executive Training,CMA,"Comprehensive training program focusing on cma final strategic financial management (sfm) with practical focus on executive training, case studies, and hands-on exercises.",13499,Advanced,Active
720,Direct Tax Laws and International Taxation - Fundamentals,CA,"Comprehensive training program focusing on direct tax laws and international taxation with practical focus on fundamentals, case studies, and hands-on exercises.",7999,Beginner,Active
721,Marketing Analytics & Attribution Modeling - Fundamentals,Business Analytics,"Comprehensive training program focusing on marketing analytics & attribution modeling with practical focus on fundamentals, case studies, and hands-on exercises.",4499,Beginner,Active
722,iOS Development with Swift & SwiftUI - Zero to Hero,Technology,"Comprehensive training program focusing on ios development with swift & swiftui with practical focus on zero to hero, case studies, and hands-on exercises.",4499,Beginner,Active
723,Personal Financial Planning & Wealth Mgmt - Specialization,Finance,"Comprehensive training program focusing on personal financial planning & wealth mgmt with practical focus on specialization, case studies, and hands-on exercises.",6999,Intermediate,Active
724,Terraform for Multi-Cloud Infrastructure as Code: Hands-on Workshop,Cloud Computing,"Comprehensive training program focusing on terraform for multi-cloud infrastructure as code with practical focus on hands-on workshop, case studies, and hands-on exercises.",6499,Intermediate,Inactive
725,Data Protection and DPDP Act Implementation: Comprehensive Guide,Law,"Comprehensive training program focusing on data protection and dpdp act implementation with practical focus on comprehensive guide, case studies, and hands-on exercises.",5999,Intermediate,Active
726,CFA Level 2 Deep Dive & Practice Sets: Comprehensive Guide,Certification,"Comprehensive training program focusing on cfa level 2 deep dive & practice sets with practical focus on comprehensive guide, case studies, and hands-on exercises.",10999,Advanced,Active
727,"Advanced Practice: Intellectual Property: Patents, Trademarks & Copyrights",Law,"Comprehensive training program focusing on intellectual property: patents, trademarks & copyrights with practical focus on advanced practice, case studies, and hands-on exercises.",7999,Advanced,Active
728,Real-World Projects: CA Intermediate Taxation & Law,CA,"Comprehensive training program focusing on ca intermediate taxation & law with practical focus on real-world projects, case studies, and hands-on exercises.",10999,Intermediate,Active
729,Mastery: Cloud Native Storage & Database Architectures,Cloud Computing,"Comprehensive training program focusing on cloud native storage & database architectures with practical focus on mastery, case studies, and hands-on exercises.",8999,Advanced,Active
730,Specialization: Accounts Payable & Receivable Automation,Accounting,"Comprehensive training program focusing on accounts payable & receivable automation with practical focus on specialization, case studies, and hands-on exercises.",4499,Intermediate,Active
731,Recommendation Systems Engineering: Specialization,Data Science,"Comprehensive training program focusing on recommendation systems engineering with practical focus on specialization, case studies, and hands-on exercises.",7499,Intermediate,Active
732,Credit Risk Analysis & Underwriting - Mastery,Finance,"Comprehensive training program focusing on credit risk analysis & underwriting with practical focus on mastery, case studies, and hands-on exercises.",9499,Advanced,Active
733,Operations Excellence & Lean Six Sigma - Mastery,Management,"Comprehensive training program focusing on operations excellence & lean six sigma with practical focus on mastery, case studies, and hands-on exercises.",7999,Advanced,Active
734,RESTful API Engineering with FastAPI: In-Depth Series,Technology,"Comprehensive training program focusing on restful api engineering with fastapi with practical focus on in-depth series, case studies, and hands-on exercises.",5999,Intermediate,Active
735,CS Executive Securities Laws & Capital Markets: Advanced Practice,CS,"Comprehensive training program focusing on cs executive securities laws & capital markets with practical focus on advanced practice, case studies, and hands-on exercises.",13499,Advanced,Inactive
736,Full Stack JavaScript with MERN - Certification Prep,Technology,"Comprehensive training program focusing on full stack javascript with mern with practical focus on certification prep, case studies, and hands-on exercises.",5999,Intermediate,Active
737,Web Application Penetration Testing: Fundamentals,Cybersecurity,"Comprehensive training program focusing on web application penetration testing with practical focus on fundamentals, case studies, and hands-on exercises.",4999,Beginner,Active
738,In-Depth Series: Letter of Credit (LC) & Bank Guarantee Mechanism,Banking,"Comprehensive training program focusing on letter of credit (lc) & bank guarantee mechanism with practical focus on in-depth series, case studies, and hands-on exercises.",5999,Intermediate,Active
739,Microsoft Azure Administrator (AZ-104): Bootcamp,Cloud Computing,"Comprehensive training program focusing on microsoft azure administrator (az-104) with practical focus on bootcamp, case studies, and hands-on exercises.",6499,Intermediate,Active
740,Time Series Forecasting & Anomaly Detection: Executive Training,Data Science,"Comprehensive training program focusing on time series forecasting & anomaly detection with practical focus on executive training, case studies, and hands-on exercises.",7499,Intermediate,Active
741,Advanced Practice: Fixed Income Securities & Bond Math,Finance,"Comprehensive training program focusing on fixed income securities & bond math with practical focus on advanced practice, case studies, and hands-on exercises.",9499,Advanced,Active
742,Zero to Hero: Go (Golang) Microservices Architecture,Technology,"Comprehensive training program focusing on go (golang) microservices architecture with practical focus on zero to hero, case studies, and hands-on exercises.",4499,Beginner,Active
743,Operations Excellence & Lean Six Sigma: In-Depth Series,Management,"Comprehensive training program focusing on operations excellence & lean six sigma with practical focus on in-depth series, case studies, and hands-on exercises.",5999,Intermediate,Active
744,Data Protection and DPDP Act Implementation - Comprehensive Guide,Law,"Comprehensive training program focusing on data protection and dpdp act implementation with practical focus on comprehensive guide, case studies, and hands-on exercises.",5999,Intermediate,Active
745,Real Estate Financial Modeling (REFM) - Strategy & Implementation,Finance,"Comprehensive training program focusing on real estate financial modeling (refm) with practical focus on strategy & implementation, case studies, and hands-on exercises.",6999,Intermediate,Active
746,B2B Sales Funnels & Account-Based Marketing (ABM) - Strategy & Implementation,Marketing,"Comprehensive training program focusing on b2b sales funnels & account-based marketing (abm) with practical focus on strategy & implementation, case studies, and hands-on exercises.",4999,Intermediate,Active
747,Bootcamp: Real Estate Regulatory Authority (RERA) Compliance,Law,"Comprehensive training program focusing on real estate regulatory authority (rera) compliance with practical focus on bootcamp, case studies, and hands-on exercises.",5999,Intermediate,Active
748,Valuation under Companies Act - Comprehensive Guide,CA,"Comprehensive training program focusing on valuation under companies act with practical focus on comprehensive guide, case studies, and hands-on exercises.",10999,Intermediate,Active
749,Practical Applications: Advanced Financial Reporting,CA,"Comprehensive training program focusing on advanced financial reporting with practical focus on practical applications, case studies, and hands-on exercises.",14999,Advanced,Active
750,CMA Foundation Fundamentals of Accounting - Hands-on Workshop,CMA,"Comprehensive training program focusing on cma foundation fundamentals of accounting with practical focus on hands-on workshop, case studies, and hands-on exercises.",6999,Beginner,Active
751,Certification Prep: Tax Audits under Section 44AB,Taxation,"Comprehensive training program focusing on tax audits under section 44ab with practical focus on certification prep, case studies, and hands-on exercises.",5499,Intermediate,Active
752,Forex Dealing Room Operations - Mastery,Banking,"Comprehensive training program focusing on forex dealing room operations with practical focus on mastery, case studies, and hands-on exercises.",7999,Advanced,Active
753,Site Reliability Engineering (SRE) Best Practices - Executive Training,Technology,"Comprehensive training program focusing on site reliability engineering (sre) best practices with practical focus on executive training, case studies, and hands-on exercises.",5999,Intermediate,Active
754,Portfolio Theory & Risk-Adjusted Returns: Practical Applications,Finance,"Comprehensive training program focusing on portfolio theory & risk-adjusted returns with practical focus on practical applications, case studies, and hands-on exercises.",6999,Intermediate,Active
755,Search Engine Optimization (SEO) & Technical Audits: Specialization,Marketing,"Comprehensive training program focusing on search engine optimization (seo) & technical audits with practical focus on specialization, case studies, and hands-on exercises.",4999,Intermediate,Active
756,Content Marketing & Inbound Lead Generation: Executive Training,Marketing,"Comprehensive training program focusing on content marketing & inbound lead generation with practical focus on executive training, case studies, and hands-on exercises.",4999,Intermediate,Active
757,Certified Fraud Examiner (CFE) Exam Prep: Zero to Hero,Certification,"Comprehensive training program focusing on certified fraud examiner (cfe) exam prep with practical focus on zero to hero, case studies, and hands-on exercises.",5999,Beginner,Active
758,Forensic Accounting & Ledger Auditing - Zero to Hero,Accounting,"Comprehensive training program focusing on forensic accounting & ledger auditing with practical focus on zero to hero, case studies, and hands-on exercises.",2999,Beginner,Active
759,CMA Intermediate Cost & Management Accounting and Financial Mgmt - Bootcamp,CMA,"Comprehensive training program focusing on cma intermediate cost & management accounting and financial mgmt with practical focus on bootcamp, case studies, and hands-on exercises.",9999,Intermediate,Active
760,Zero to Hero: CMA Intermediate Company Accounts & Audit,CMA,"Comprehensive training program focusing on cma intermediate company accounts & audit with practical focus on zero to hero, case studies, and hands-on exercises.",6999,Beginner,Active
761,Go (Golang) Microservices Architecture: Certification Prep,Technology,"Comprehensive training program focusing on go (golang) microservices architecture with practical focus on certification prep, case studies, and hands-on exercises.",7999,Advanced,Active
762,Cross-Platform Mobile with Flutter: Crash Course,Technology,"Comprehensive training program focusing on cross-platform mobile with flutter with practical focus on crash course, case studies, and hands-on exercises.",5999,Intermediate,Active
763,MLOps: Production ML Pipelines with MLflow: Hands-on Workshop,Data Science,"Comprehensive training program focusing on mlops: production ml pipelines with mlflow with practical focus on hands-on workshop, case studies, and hands-on exercises.",7499,Intermediate,Active
764,Mastery: Data Visualization with Matplotlib & Seaborn,Data Science,"Comprehensive training program focusing on data visualization with matplotlib & seaborn with practical focus on mastery, case studies, and hands-on exercises.",10499,Advanced,Active
765,Agile Sprint Planning & Jira Mastery - In-Depth Series,Management,"Comprehensive training program focusing on agile sprint planning & jira mastery with practical focus on in-depth series, case studies, and hands-on exercises.",7999,Advanced,Active
766,Labor & Employment Laws Compliance: In-Depth Series,Law,"Comprehensive training program focusing on labor & employment laws compliance with practical focus on in-depth series, case studies, and hands-on exercises.",5999,Intermediate,Active
767,GST Annual Return (GSTR-9 & 9C) Filing Workshop - Practical Applications,Taxation,"Comprehensive training program focusing on gst annual return (gstr-9 & 9c) filing workshop with practical focus on practical applications, case studies, and hands-on exercises.",5499,Intermediate,Active
768,Practical Applications: Investment Banking Modeling & Valuation,Finance,"Comprehensive training program focusing on investment banking modeling & valuation with practical focus on practical applications, case studies, and hands-on exercises.",6999,Intermediate,Inactive
769,Real Estate Financial Modeling (REFM) - Practical Applications,Finance,"Comprehensive training program focusing on real estate financial modeling (refm) with practical focus on practical applications, case studies, and hands-on exercises.",6999,Intermediate,Active
770,Consolidated Financial Statements Preparation: Real-World Projects,Accounting,"Comprehensive training program focusing on consolidated financial statements preparation with practical focus on real-world projects, case studies, and hands-on exercises.",4499,Intermediate,Active
771,"Arbitration, Conciliation & ADR Mechanism - In-Depth Series",Law,"Comprehensive training program focusing on arbitration, conciliation & adr mechanism with practical focus on in-depth series, case studies, and hands-on exercises.",5999,Intermediate,Active
772,Operations Excellence & Lean Six Sigma - In-Depth Series,Management,"Comprehensive training program focusing on operations excellence & lean six sigma with practical focus on in-depth series, case studies, and hands-on exercises.",5999,Intermediate,Active
773,CMA Final Strategic Cost Management (SCM) - Mastery,CMA,"Comprehensive training program focusing on cma final strategic cost management (scm) with practical focus on mastery, case studies, and hands-on exercises.",13499,Advanced,Active
774,Strategy & Implementation: Natural Language Processing & LLM Prompting,Data Science,"Comprehensive training program focusing on natural language processing & llm prompting with practical focus on strategy & implementation, case studies, and hands-on exercises.",7499,Intermediate,Active
775,Terraform for Multi-Cloud Infrastructure as Code: Mastery,Cloud Computing,"Comprehensive training program focusing on terraform for multi-cloud infrastructure as code with practical focus on mastery, case studies, and hands-on exercises.",8999,Advanced,Active
776,Advanced Auditing and Professional Ethics - Strategy & Implementation,CA,"Comprehensive training program focusing on advanced auditing and professional ethics with practical focus on strategy & implementation, case studies, and hands-on exercises.",14999,Advanced,Active
777,Retail Banking Operations & Customer KYC: Bootcamp,Banking,"Comprehensive training program focusing on retail banking operations & customer kyc with practical focus on bootcamp, case studies, and hands-on exercises.",5999,Intermediate,Active
778,Forex Trading & Foreign Exchange Markets: Practical Applications,Finance,"Comprehensive training program focusing on forex trading & foreign exchange markets with practical focus on practical applications, case studies, and hands-on exercises.",6999,Intermediate,Active
779,Tax Audits under Section 44AB - Advanced Practice,Taxation,"Comprehensive training program focusing on tax audits under section 44ab with practical focus on advanced practice, case studies, and hands-on exercises.",7499,Advanced,Active
780,CS Professional Advanced Tax Laws: Strategy & Implementation,CS,"Comprehensive training program focusing on cs professional advanced tax laws with practical focus on strategy & implementation, case studies, and hands-on exercises.",13499,Advanced,Active
781,Search Engine Optimization (SEO) & Technical Audits: In-Depth Series,Marketing,"Comprehensive training program focusing on search engine optimization (seo) & technical audits with practical focus on in-depth series, case studies, and hands-on exercises.",4999,Intermediate,Active
782,Terraform for Multi-Cloud Infrastructure as Code - Mastery,Cloud Computing,"Comprehensive training program focusing on terraform for multi-cloud infrastructure as code with practical focus on mastery, case studies, and hands-on exercises.",8999,Advanced,Active
783,Big Data Processing with Databricks & PySpark - Crash Course,Data Science,"Comprehensive training program focusing on big data processing with databricks & pyspark with practical focus on crash course, case studies, and hands-on exercises.",7499,Intermediate,Active
784,Mastery: CMA Intermediate Cost Accounting,CMA,"Comprehensive training program focusing on cma intermediate cost accounting with practical focus on mastery, case studies, and hands-on exercises.",13499,Advanced,Active
785,Email Marketing & Lifecycle Campaign Strategy - Practical Applications,Marketing,"Comprehensive training program focusing on email marketing & lifecycle campaign strategy with practical focus on practical applications, case studies, and hands-on exercises.",4999,Intermediate,Active
786,Competition Law & Anti-Trust Regulations: Specialization,Law,"Comprehensive training program focusing on competition law & anti-trust regulations with practical focus on specialization, case studies, and hands-on exercises.",5999,Intermediate,Active
787,Indirect Tax Laws and GST: Fundamentals,CA,"Comprehensive training program focusing on indirect tax laws and gst with practical focus on fundamentals, case studies, and hands-on exercises.",7999,Beginner,Active
788,Direct Tax Withholding (TDS/TCS) Compliance: Frameworks & Best Practices,Taxation,"Comprehensive training program focusing on direct tax withholding (tds/tcs) compliance with practical focus on frameworks & best practices, case studies, and hands-on exercises.",5499,Intermediate,Active
789,Investment Banking Modeling & Valuation - Bootcamp,Finance,"Comprehensive training program focusing on investment banking modeling & valuation with practical focus on bootcamp, case studies, and hands-on exercises.",6999,Intermediate,Active
790,International Taxation & Transfer Pricing - Practical Applications,CA,"Comprehensive training program focusing on international taxation & transfer pricing with practical focus on practical applications, case studies, and hands-on exercises.",10999,Intermediate,Active
791,Real-World Projects: AWS Certified Solutions Architect Professional,Cloud Computing,"Comprehensive training program focusing on aws certified solutions architect professional with practical focus on real-world projects, case studies, and hands-on exercises.",8999,Advanced,Active
792,FRM (Financial Risk Manager) Level 1 Prep - Executive Training,Certification,"Comprehensive training program focusing on frm (financial risk manager) level 1 prep with practical focus on executive training, case studies, and hands-on exercises.",5999,Beginner,Active
793,CMA Final Indirect Tax Laws & Practice: In-Depth Series,CMA,"Comprehensive training program focusing on cma final indirect tax laws & practice with practical focus on in-depth series, case studies, and hands-on exercises.",13499,Advanced,Active
794,CMA Foundation Business Mathematics & Statistics - Crash Course,CMA,"Comprehensive training program focusing on cma foundation business mathematics & statistics with practical focus on crash course, case studies, and hands-on exercises.",6999,Beginner,Active
795,Frameworks & Best Practices: Accounts Payable & Receivable Automation,Accounting,"Comprehensive training program focusing on accounts payable & receivable automation with practical focus on frameworks & best practices, case studies, and hands-on exercises.",4499,Intermediate,Active
796,CA Intermediate Taxation & Law: Crash Course,CA,"Comprehensive training program focusing on ca intermediate taxation & law with practical focus on crash course, case studies, and hands-on exercises.",10999,Intermediate,Active
797,Practical Applications: RESTful API Engineering with FastAPI,Technology,"Comprehensive training program focusing on restful api engineering with fastapi with practical focus on practical applications, case studies, and hands-on exercises.",5999,Intermediate,Active
798,Edge Computing & Cloud Migration Strategies - In-Depth Series,Cloud Computing,"Comprehensive training program focusing on edge computing & cloud migration strategies with practical focus on in-depth series, case studies, and hands-on exercises.",6499,Intermediate,Active
799,CompTIA Security+ Exam Preparation - Zero to Hero,Cybersecurity,"Comprehensive training program focusing on comptia security+ exam preparation with practical focus on zero to hero, case studies, and hands-on exercises.",4999,Beginner,Active
800,Commodity Trading & Hedging Strategies: Practical Applications,Finance,"Comprehensive training program focusing on commodity trading & hedging strategies with practical focus on practical applications, case studies, and hands-on exercises.",6999,Intermediate,Active
801,Equity Research Analysis - Advanced Practice,Finance,"Comprehensive training program focusing on equity research analysis with practical focus on advanced practice, case studies, and hands-on exercises.",9499,Advanced,Active
802,Quantitative Finance & Algorithmic Trading - Mastery,Finance,"Comprehensive training program focusing on quantitative finance & algorithmic trading with practical focus on mastery, case studies, and hands-on exercises.",9499,Advanced,Active
803,Drafting Commercial Contracts & Service Agreements - Bootcamp,Law,"Comprehensive training program focusing on drafting commercial contracts & service agreements with practical focus on bootcamp, case studies, and hands-on exercises.",5999,Intermediate,Active
804,Strategy & Implementation: Full Stack Python with Django & React,Technology,"Comprehensive training program focusing on full stack python with django & react with practical focus on strategy & implementation, case studies, and hands-on exercises.",5999,Intermediate,Active
805,Android App Development with Kotlin & Jetpack: Comprehensive Guide,Technology,"Comprehensive training program focusing on android app development with kotlin & jetpack with practical focus on comprehensive guide, case studies, and hands-on exercises.",5999,Intermediate,Active
806,Power BI End-to-End Enterprise Dashboards - Executive Training,Business Analytics,"Comprehensive training program focusing on power bi end-to-end enterprise dashboards with practical focus on executive training, case studies, and hands-on exercises.",5999,Intermediate,Active
807,CFA Level 2 Deep Dive & Practice Sets: Mastery,Certification,"Comprehensive training program focusing on cfa level 2 deep dive & practice sets with practical focus on mastery, case studies, and hands-on exercises.",10999,Advanced,Active
808,Competition Law & Anti-Trust Regulations - Crash Course,Law,"Comprehensive training program focusing on competition law & anti-trust regulations with practical focus on crash course, case studies, and hands-on exercises.",5999,Intermediate,Active
809,Executive Training: Direct Tax Laws and International Taxation,CA,"Comprehensive training program focusing on direct tax laws and international taxation with practical focus on executive training, case studies, and hands-on exercises.",10999,Intermediate,Active
810,Predictive Business Analytics with R: Strategy & Implementation,Business Analytics,"Comprehensive training program focusing on predictive business analytics with r with practical focus on strategy & implementation, case studies, and hands-on exercises.",5999,Intermediate,Active
811,Private Equity Deal Structuring: Strategy & Implementation,Finance,"Comprehensive training program focusing on private equity deal structuring with practical focus on strategy & implementation, case studies, and hands-on exercises.",6999,Intermediate,Active
812,Practical Applications: Drafting Commercial Contracts & Service Agreements,Law,"Comprehensive training program focusing on drafting commercial contracts & service agreements with practical focus on practical applications, case studies, and hands-on exercises.",5999,Intermediate,Active
813,Certified Ethical Hacking (CEH) Practice Labs: In-Depth Series,Cybersecurity,"Comprehensive training program focusing on certified ethical hacking (ceh) practice labs with practical focus on in-depth series, case studies, and hands-on exercises.",6999,Intermediate,Active
814,Real-World Projects: Direct Tax Laws and International Taxation,CA,"Comprehensive training program focusing on direct tax laws and international taxation with practical focus on real-world projects, case studies, and hands-on exercises.",10999,Intermediate,Active
815,In-Depth Series: Data Warehousing with Snowflake & BigQuery,Data Science,"Comprehensive training program focusing on data warehousing with snowflake & bigquery with practical focus on in-depth series, case studies, and hands-on exercises.",7499,Intermediate,Active
816,Cryptography & Cryptanalysis Fundamentals - Crash Course,Cybersecurity,"Comprehensive training program focusing on cryptography & cryptanalysis fundamentals with practical focus on crash course, case studies, and hands-on exercises.",4999,Beginner,Active
817,Bootcamp: Power BI End-to-End Enterprise Dashboards,Business Analytics,"Comprehensive training program focusing on power bi end-to-end enterprise dashboards with practical focus on bootcamp, case studies, and hands-on exercises.",5999,Intermediate,Active
818,Fintech Innovations & Digital Payment Ecosystems: Comprehensive Guide,Banking,"Comprehensive training program focusing on fintech innovations & digital payment ecosystems with practical focus on comprehensive guide, case studies, and hands-on exercises.",5999,Intermediate,Active
819,Zero to Hero: International Taxation & Base Erosion (BEPS),Taxation,"Comprehensive training program focusing on international taxation & base erosion (beps) with practical focus on zero to hero, case studies, and hands-on exercises.",3999,Beginner,Inactive
820,iOS Development with Swift & SwiftUI: Crash Course,Technology,"Comprehensive training program focusing on ios development with swift & swiftui with practical focus on crash course, case studies, and hands-on exercises.",5999,Intermediate,Inactive
821,Strategy & Implementation: Edge Computing & Cloud Migration Strategies,Cloud Computing,"Comprehensive training program focusing on edge computing & cloud migration strategies with practical focus on strategy & implementation, case studies, and hands-on exercises.",6499,Intermediate,Active
822,Executive Training: CS Professional Advanced Tax Laws,CS,"Comprehensive training program focusing on cs professional advanced tax laws with practical focus on executive training, case studies, and hands-on exercises.",13499,Advanced,Active
823,SOC Analyst Level 1 & Threat Monitoring: Mastery,Cybersecurity,"Comprehensive training program focusing on soc analyst level 1 & threat monitoring with practical focus on mastery, case studies, and hands-on exercises.",4999,Beginner,Active
824,Mastery: E-commerce Growth on Amazon & Shopify,Marketing,"Comprehensive training program focusing on e-commerce growth on amazon & shopify with practical focus on mastery, case studies, and hands-on exercises.",6499,Advanced,Active
825,CFA Level 1 Complete Curriculum Review: Hands-on Workshop,Certification,"Comprehensive training program focusing on cfa level 1 complete curriculum review with practical focus on hands-on workshop, case studies, and hands-on exercises.",5999,Beginner,Active
826,Crash Course: Asset & Liability Management (ALM),Finance,"Comprehensive training program focusing on asset & liability management (alm) with practical focus on crash course, case studies, and hands-on exercises.",6999,Intermediate,Active
827,Agile Sprint Planning & Jira Mastery - Strategy & Implementation,Management,"Comprehensive training program focusing on agile sprint planning & jira mastery with practical focus on strategy & implementation, case studies, and hands-on exercises.",7999,Advanced,Active
828,Bootcamp: Operations Excellence & Lean Six Sigma,Management,"Comprehensive training program focusing on operations excellence & lean six sigma with practical focus on bootcamp, case studies, and hands-on exercises.",5999,Intermediate,Active
829,Mergers & Acquisitions (M&A) Execution: Fundamentals,Finance,"Comprehensive training program focusing on mergers & acquisitions (m&a) execution with practical focus on fundamentals, case studies, and hands-on exercises.",4999,Beginner,Active
830,Cloud Cost Optimization (FinOps) Best Practices: Bootcamp,Cloud Computing,"Comprehensive training program focusing on cloud cost optimization (finops) best practices with practical focus on bootcamp, case studies, and hands-on exercises.",6499,Intermediate,Active
831,Forensic Accounting & Ledger Auditing - Specialization,Accounting,"Comprehensive training program focusing on forensic accounting & ledger auditing with practical focus on specialization, case studies, and hands-on exercises.",4499,Intermediate,Inactive
832,"Strategy & Implementation: Intellectual Property: Patents, Trademarks & Copyrights",Law,"Comprehensive training program focusing on intellectual property: patents, trademarks & copyrights with practical focus on strategy & implementation, case studies, and hands-on exercises.",5999,Intermediate,Active
833,Real-World Projects: Forex Dealing Room Operations,Banking,"Comprehensive training program focusing on forex dealing room operations with practical focus on real-world projects, case studies, and hands-on exercises.",5999,Intermediate,Active
834,Web Application Penetration Testing - Bootcamp,Cybersecurity,"Comprehensive training program focusing on web application penetration testing with practical focus on bootcamp, case studies, and hands-on exercises.",6999,Intermediate,Active
835,Search Engine Optimization (SEO) & Technical Audits: Comprehensive Guide,Marketing,"Comprehensive training program focusing on search engine optimization (seo) & technical audits with practical focus on comprehensive guide, case studies, and hands-on exercises.",4999,Intermediate,Active
836,In-Depth Series: AWS Certified Solutions Architect Professional,Cloud Computing,"Comprehensive training program focusing on aws certified solutions architect professional with practical focus on in-depth series, case studies, and hands-on exercises.",8999,Advanced,Active
837,E-commerce Growth on Amazon & Shopify - Advanced Practice,Marketing,"Comprehensive training program focusing on e-commerce growth on amazon & shopify with practical focus on advanced practice, case studies, and hands-on exercises.",6499,Advanced,Active
838,Android App Development with Kotlin & Jetpack: Hands-on Workshop,Technology,"Comprehensive training program focusing on android app development with kotlin & jetpack with practical focus on hands-on workshop, case studies, and hands-on exercises.",5999,Intermediate,Active
839,ACCA Financial Accounting & Reporting Prep: Mastery,Certification,"Comprehensive training program focusing on acca financial accounting & reporting prep with practical focus on mastery, case studies, and hands-on exercises.",10999,Advanced,Inactive
840,CMA Final Cost & Management Audit: Crash Course,CMA,"Comprehensive training program focusing on cma final cost & management audit with practical focus on crash course, case studies, and hands-on exercises.",13499,Advanced,Active
841,Full Stack Python with Django & React: Strategy & Implementation,Technology,"Comprehensive training program focusing on full stack python with django & react with practical focus on strategy & implementation, case studies, and hands-on exercises.",5999,Intermediate,Active
842,Distributed Systems & Message Queues (Kafka/RabbitMQ) - Frameworks & Best Practices,Technology,"Comprehensive training program focusing on distributed systems & message queues (kafka/rabbitmq) with practical focus on frameworks & best practices, case studies, and hands-on exercises.",5999,Intermediate,Active
843,IFRS and Ind AS Convergence - Specialization,CA,"Comprehensive training program focusing on ifrs and ind as convergence with practical focus on specialization, case studies, and hands-on exercises.",10999,Intermediate,Active
844,Specialization: Budgetary Control & Standard Costing,Accounting,"Comprehensive training program focusing on budgetary control & standard costing with practical focus on specialization, case studies, and hands-on exercises.",4499,Intermediate,Active
845,HR Analytics & People Metrics - Real-World Projects,Business Analytics,"Comprehensive training program focusing on hr analytics & people metrics with practical focus on real-world projects, case studies, and hands-on exercises.",5999,Intermediate,Active
846,Advanced SQL for Data Analytics & Warehousing - In-Depth Series,Business Analytics,"Comprehensive training program focusing on advanced sql for data analytics & warehousing with practical focus on in-depth series, case studies, and hands-on exercises.",7999,Advanced,Active
847,ACCA Financial Accounting & Reporting Prep - Fundamentals,Certification,"Comprehensive training program focusing on acca financial accounting & reporting prep with practical focus on fundamentals, case studies, and hands-on exercises.",5999,Beginner,Active
848,"CS Professional Drafting, Pleadings & Appearances - Specialization",CS,"Comprehensive training program focusing on cs professional drafting, pleadings & appearances with practical focus on specialization, case studies, and hands-on exercises.",13499,Advanced,Active
849,Real-World Projects: Global Supply Chain & Procurement Strategy,Management,"Comprehensive training program focusing on global supply chain & procurement strategy with practical focus on real-world projects, case studies, and hands-on exercises.",5999,Intermediate,Active
850,CFA Level 1 Complete Curriculum Review - Crash Course,Certification,"Comprehensive training program focusing on cfa level 1 complete curriculum review with practical focus on crash course, case studies, and hands-on exercises.",5999,Beginner,Active
851,Fundamentals: International Taxation & Transfer Pricing,CA,"Comprehensive training program focusing on international taxation & transfer pricing with practical focus on fundamentals, case studies, and hands-on exercises.",7999,Beginner,Active
852,Content Marketing & Inbound Lead Generation: Advanced Practice,Marketing,"Comprehensive training program focusing on content marketing & inbound lead generation with practical focus on advanced practice, case studies, and hands-on exercises.",6499,Advanced,Active
853,Basel III Capital Adequacy Regulations: Mastery,Banking,"Comprehensive training program focusing on basel iii capital adequacy regulations with practical focus on mastery, case studies, and hands-on exercises.",7999,Advanced,Active
854,In-Depth Series: CMA Foundation Fundamentals of Economics & Mgmt,CMA,"Comprehensive training program focusing on cma foundation fundamentals of economics & mgmt with practical focus on in-depth series, case studies, and hands-on exercises.",6999,Beginner,Active
855,Direct Tax Laws and International Taxation - Mastery,CA,"Comprehensive training program focusing on direct tax laws and international taxation with practical focus on mastery, case studies, and hands-on exercises.",14999,Advanced,Active
856,DevOps Engineering with CI/CD Pipelines: Frameworks & Best Practices,Technology,"Comprehensive training program focusing on devops engineering with ci/cd pipelines with practical focus on frameworks & best practices, case studies, and hands-on exercises.",5999,Intermediate,Active
857,Letter of Credit (LC) & Bank Guarantee Mechanism - Zero to Hero,Banking,"Comprehensive training program focusing on letter of credit (lc) & bank guarantee mechanism with practical focus on zero to hero, case studies, and hands-on exercises.",4499,Beginner,Inactive
858,Comprehensive Guide: Transfer Pricing Documentation & Benchmarking,Taxation,"Comprehensive training program focusing on transfer pricing documentation & benchmarking with practical focus on comprehensive guide, case studies, and hands-on exercises.",5499,Intermediate,Active
859,Specialization: Business Model Innovation & Startup Scaling,Management,"Comprehensive training program focusing on business model innovation & startup scaling with practical focus on specialization, case studies, and hands-on exercises.",5999,Intermediate,Active
860,Financial Services and Capital Markets - Frameworks & Best Practices,CA,"Comprehensive training program focusing on financial services and capital markets with practical focus on frameworks & best practices, case studies, and hands-on exercises.",10999,Intermediate,Active
861,Excel VBA & Macro Automation for Analysts: Frameworks & Best Practices,Business Analytics,"Comprehensive training program focusing on excel vba & macro automation for analysts with practical focus on frameworks & best practices, case studies, and hands-on exercises.",5999,Intermediate,Active
862,SEBI Compliance & Listing Obligations (LODR) - Crash Course,CS,"Comprehensive training program focusing on sebi compliance & listing obligations (lodr) with practical focus on crash course, case studies, and hands-on exercises.",9999,Intermediate,Active
863,Credit Appraisal & Financial Ratios for Lending - Bootcamp,Banking,"Comprehensive training program focusing on credit appraisal & financial ratios for lending with practical focus on bootcamp, case studies, and hands-on exercises.",5999,Intermediate,Active
864,CS Executive Jurisprudence & Interpretation: Practical Applications,CS,"Comprehensive training program focusing on cs executive jurisprudence & interpretation with practical focus on practical applications, case studies, and hands-on exercises.",9999,Intermediate,Active
865,CMA Foundation Fundamentals of Accounting: Comprehensive Guide,CMA,"Comprehensive training program focusing on cma foundation fundamentals of accounting with practical focus on comprehensive guide, case studies, and hands-on exercises.",6999,Beginner,Active
866,AWS Certified Solutions Architect Professional: Frameworks & Best Practices,Cloud Computing,"Comprehensive training program focusing on aws certified solutions architect professional with practical focus on frameworks & best practices, case studies, and hands-on exercises.",8999,Advanced,Active
867,Microsoft Azure Administrator (AZ-104): Specialization,Cloud Computing,"Comprehensive training program focusing on microsoft azure administrator (az-104) with practical focus on specialization, case studies, and hands-on exercises.",6499,Intermediate,Active
868,Rust Programming Systems Engineering - Bootcamp,Technology,"Comprehensive training program focusing on rust programming systems engineering with practical focus on bootcamp, case studies, and hands-on exercises.",5999,Intermediate,Inactive
869,Certified Management Accountant (US CMA) Prep: In-Depth Series,Certification,"Comprehensive training program focusing on certified management accountant (us cma) prep with practical focus on in-depth series, case studies, and hands-on exercises.",7999,Intermediate,Active
870,Cross-Functional Team Collaboration & OKRs: Crash Course,Management,"Comprehensive training program focusing on cross-functional team collaboration & okrs with practical focus on crash course, case studies, and hands-on exercises.",5999,Intermediate,Inactive
871,Mastery: Operations Excellence & Lean Six Sigma,Management,"Comprehensive training program focusing on operations excellence & lean six sigma with practical focus on mastery, case studies, and hands-on exercises.",7999,Advanced,Active
872,Crash Course: Direct Tax Withholding (TDS/TCS) Compliance,Taxation,"Comprehensive training program focusing on direct tax withholding (tds/tcs) compliance with practical focus on crash course, case studies, and hands-on exercises.",5499,Intermediate,Active
873,Real-World Projects: CMA Final Strategic Cost Management (SCM),CMA,"Comprehensive training program focusing on cma final strategic cost management (scm) with practical focus on real-world projects, case studies, and hands-on exercises.",13499,Advanced,Inactive
874,Letter of Credit (LC) & Bank Guarantee Mechanism: Bootcamp,Banking,"Comprehensive training program focusing on letter of credit (lc) & bank guarantee mechanism with practical focus on bootcamp, case studies, and hands-on exercises.",5999,Intermediate,Active
875,CMA Final Corporate Financial Reporting (CFR) - Mastery,CMA,"Comprehensive training program focusing on cma final corporate financial reporting (cfr) with practical focus on mastery, case studies, and hands-on exercises.",13499,Advanced,Active
876,"Legal Drafting, Notice Writing & Petitions: Executive Training",Law,"Comprehensive training program focusing on legal drafting, notice writing & petitions with practical focus on executive training, case studies, and hands-on exercises.",5999,Intermediate,Active
877,FEMA Regulations & Cross-Border Transactions: In-Depth Series,CS,"Comprehensive training program focusing on fema regulations & cross-border transactions with practical focus on in-depth series, case studies, and hands-on exercises.",9999,Intermediate,Active
878,CMA Foundation Fundamentals of Accounting: Executive Training,CMA,"Comprehensive training program focusing on cma foundation fundamentals of accounting with practical focus on executive training, case studies, and hands-on exercises.",6999,Beginner,Active
879,Forex Trading & Foreign Exchange Markets: Crash Course,Finance,"Comprehensive training program focusing on forex trading & foreign exchange markets with practical focus on crash course, case studies, and hands-on exercises.",6999,Intermediate,Active
880,Quantitative Finance & Algorithmic Trading: Fundamentals,Finance,"Comprehensive training program focusing on quantitative finance & algorithmic trading with practical focus on fundamentals, case studies, and hands-on exercises.",4999,Beginner,Active
881,Frameworks & Best Practices: CMA Intermediate Financial Accounting,CMA,"Comprehensive training program focusing on cma intermediate financial accounting with practical focus on frameworks & best practices, case studies, and hands-on exercises.",9999,Intermediate,Active
882,Hands-on Workshop: CMA Intermediate Cost & Management Accounting and Financial Mgmt,CMA,"Comprehensive training program focusing on cma intermediate cost & management accounting and financial mgmt with practical focus on hands-on workshop, case studies, and hands-on exercises.",9999,Intermediate,Active
883,Six Sigma Black Belt Process Excellence - Advanced Practice,Certification,"Comprehensive training program focusing on six sigma black belt process excellence with practical focus on advanced practice, case studies, and hands-on exercises.",10999,Advanced,Active
884,Marketing Automation with HubSpot & ActiveCampaign - Strategy & Implementation,Marketing,"Comprehensive training program focusing on marketing automation with hubspot & activecampaign with practical focus on strategy & implementation, case studies, and hands-on exercises.",4999,Intermediate,Active
885,Accounts Payable & Receivable Automation: Practical Applications,Accounting,"Comprehensive training program focusing on accounts payable & receivable automation with practical focus on practical applications, case studies, and hands-on exercises.",4499,Intermediate,Active
886,FRM (Financial Risk Manager) Level 2 Prep - Crash Course,Certification,"Comprehensive training program focusing on frm (financial risk manager) level 2 prep with practical focus on crash course, case studies, and hands-on exercises.",10999,Advanced,Active
887,Site Reliability Engineering (SRE) Best Practices: Strategy & Implementation,Technology,"Comprehensive training program focusing on site reliability engineering (sre) best practices with practical focus on strategy & implementation, case studies, and hands-on exercises.",5999,Intermediate,Active
888,Advanced Auditing and Professional Ethics: Bootcamp,CA,"Comprehensive training program focusing on advanced auditing and professional ethics with practical focus on bootcamp, case studies, and hands-on exercises.",14999,Advanced,Active
889,Corporate Governance & Board Advisory - Practical Applications,CS,"Comprehensive training program focusing on corporate governance & board advisory with practical focus on practical applications, case studies, and hands-on exercises.",9999,Intermediate,Active
890,Forensic Accounting for CA Practice - Practical Applications,CA,"Comprehensive training program focusing on forensic accounting for ca practice with practical focus on practical applications, case studies, and hands-on exercises.",10999,Intermediate,Active
891,Consolidated Financial Statements Preparation - Practical Applications,Accounting,"Comprehensive training program focusing on consolidated financial statements preparation with practical focus on practical applications, case studies, and hands-on exercises.",4499,Intermediate,Active
892,Strategic Financial Management - Executive Training,CA,"Comprehensive training program focusing on strategic financial management with practical focus on executive training, case studies, and hands-on exercises.",10999,Intermediate,Active
893,Linux Systems Administration & Shell Scripting: Executive Training,Technology,"Comprehensive training program focusing on linux systems administration & shell scripting with practical focus on executive training, case studies, and hands-on exercises.",5999,Intermediate,Active
894,Project Finance & Public-Private Partnerships - Advanced Practice,Finance,"Comprehensive training program focusing on project finance & public-private partnerships with practical focus on advanced practice, case studies, and hands-on exercises.",9499,Advanced,Active
895,Hands-on Workshop: Transfer Pricing Documentation & Benchmarking,Taxation,"Comprehensive training program focusing on transfer pricing documentation & benchmarking with practical focus on hands-on workshop, case studies, and hands-on exercises.",5499,Intermediate,Active
896,CMA Intermediate Cost & Management Accounting and Financial Mgmt: Real-World Projects,CMA,"Comprehensive training program focusing on cma intermediate cost & management accounting and financial mgmt with practical focus on real-world projects, case studies, and hands-on exercises.",9999,Intermediate,Active
897,Search Engine Optimization (SEO) & Technical Audits: Zero to Hero,Marketing,"Comprehensive training program focusing on search engine optimization (seo) & technical audits with practical focus on zero to hero, case studies, and hands-on exercises.",3499,Beginner,Active
898,Executive Training: Hybrid Cloud Networking & ExpressRoute/DirectConnect,Cloud Computing,"Comprehensive training program focusing on hybrid cloud networking & expressroute/directconnect with practical focus on executive training, case studies, and hands-on exercises.",6499,Intermediate,Active
899,Growth Hacking & Viral Loop Engineering: Fundamentals,Marketing,"Comprehensive training program focusing on growth hacking & viral loop engineering with practical focus on fundamentals, case studies, and hands-on exercises.",3499,Beginner,Inactive
900,Real Estate Regulatory Authority (RERA) Compliance: Strategy & Implementation,Law,"Comprehensive training program focusing on real estate regulatory authority (rera) compliance with practical focus on strategy & implementation, case studies, and hands-on exercises.",5999,Intermediate,Active
901,Basel III Capital Adequacy Regulations: In-Depth Series,Banking,"Comprehensive training program focusing on basel iii capital adequacy regulations with practical focus on in-depth series, case studies, and hands-on exercises.",5999,Intermediate,Active
902,"Comprehensive Guide: CS Executive Economic, Business & Commercial Laws",CS,"Comprehensive training program focusing on cs executive economic, business & commercial laws with practical focus on comprehensive guide, case studies, and hands-on exercises.",9999,Intermediate,Active
903,Certification Prep: Advanced Auditing and Professional Ethics,CA,"Comprehensive training program focusing on advanced auditing and professional ethics with practical focus on certification prep, case studies, and hands-on exercises.",14999,Advanced,Active
904,Generative AI & Diffusion Models: Crash Course,Data Science,"Comprehensive training program focusing on generative ai & diffusion models with practical focus on crash course, case studies, and hands-on exercises.",7499,Intermediate,Active
905,CMA Final Indirect Tax Laws & Practice: Fundamentals,CMA,"Comprehensive training program focusing on cma final indirect tax laws & practice with practical focus on fundamentals, case studies, and hands-on exercises.",6999,Beginner,Active
906,Microservices Design Patterns - Fundamentals,Technology,"Comprehensive training program focusing on microservices design patterns with practical focus on fundamentals, case studies, and hands-on exercises.",4499,Beginner,Active
907,Fundamentals: Working Capital Assessment (MPBF & CMA Data),Banking,"Comprehensive training program focusing on working capital assessment (mpbf & cma data) with practical focus on fundamentals, case studies, and hands-on exercises.",4499,Beginner,Active
908,Working Capital Assessment (MPBF & CMA Data): Fundamentals,Banking,"Comprehensive training program focusing on working capital assessment (mpbf & cma data) with practical focus on fundamentals, case studies, and hands-on exercises.",4499,Beginner,Inactive
909,Hybrid Cloud Networking & ExpressRoute/DirectConnect - Bootcamp,Cloud Computing,"Comprehensive training program focusing on hybrid cloud networking & expressroute/directconnect with practical focus on bootcamp, case studies, and hands-on exercises.",6499,Intermediate,Active
910,Comprehensive Guide: Real Estate Regulatory Authority (RERA) Compliance,Law,"Comprehensive training program focusing on real estate regulatory authority (rera) compliance with practical focus on comprehensive guide, case studies, and hands-on exercises.",5999,Intermediate,Active
911,Crash Course: Tax Audits under Section 44AB,Taxation,"Comprehensive training program focusing on tax audits under section 44ab with practical focus on crash course, case studies, and hands-on exercises.",5499,Intermediate,Active
912,CS Executive Setting up Business Entities - Fundamentals,CS,"Comprehensive training program focusing on cs executive setting up business entities with practical focus on fundamentals, case studies, and hands-on exercises.",6999,Beginner,Active
913,"Payroll Accounting, EPF & ESIC Compliance - Frameworks & Best Practices",Accounting,"Comprehensive training program focusing on payroll accounting, epf & esic compliance with practical focus on frameworks & best practices, case studies, and hands-on exercises.",4499,Intermediate,Active
914,Tableau Desktop & Server for Business Insights: Bootcamp,Business Analytics,"Comprehensive training program focusing on tableau desktop & server for business insights with practical focus on bootcamp, case studies, and hands-on exercises.",5999,Intermediate,Active
915,"CS Professional Drafting, Pleadings & Appearances: Comprehensive Guide",CS,"Comprehensive training program focusing on cs professional drafting, pleadings & appearances with practical focus on comprehensive guide, case studies, and hands-on exercises.",13499,Advanced,Active
916,Full Stack Python with Django & React - Frameworks & Best Practices,Technology,"Comprehensive training program focusing on full stack python with django & react with practical focus on frameworks & best practices, case studies, and hands-on exercises.",5999,Intermediate,Active
917,Corporate & Economic Laws - Strategy & Implementation,CA,"Comprehensive training program focusing on corporate & economic laws with practical focus on strategy & implementation, case studies, and hands-on exercises.",10999,Intermediate,Active
918,Terraform for Multi-Cloud Infrastructure as Code - Crash Course,Cloud Computing,"Comprehensive training program focusing on terraform for multi-cloud infrastructure as code with practical focus on crash course, case studies, and hands-on exercises.",6499,Intermediate,Active
919,Excel VBA & Macro Automation for Analysts: Strategy & Implementation,Business Analytics,"Comprehensive training program focusing on excel vba & macro automation for analysts with practical focus on strategy & implementation, case studies, and hands-on exercises.",5999,Intermediate,Active
920,Investment Banking Modeling & Valuation - Mastery,Finance,"Comprehensive training program focusing on investment banking modeling & valuation with practical focus on mastery, case studies, and hands-on exercises.",9499,Advanced,Active
921,"Intellectual Property: Patents, Trademarks & Copyrights - In-Depth Series",Law,"Comprehensive training program focusing on intellectual property: patents, trademarks & copyrights with practical focus on in-depth series, case studies, and hands-on exercises.",5999,Intermediate,Active
922,Predictive Business Analytics with R: Specialization,Business Analytics,"Comprehensive training program focusing on predictive business analytics with r with practical focus on specialization, case studies, and hands-on exercises.",5999,Intermediate,Active
923,Certified Information Security Manager (CISM) - Mastery,Certification,"Comprehensive training program focusing on certified information security manager (cism) with practical focus on mastery, case studies, and hands-on exercises.",10999,Advanced,Active
924,Financial Services and Capital Markets: Mastery,CA,"Comprehensive training program focusing on financial services and capital markets with practical focus on mastery, case studies, and hands-on exercises.",14999,Advanced,Active
925,Power BI End-to-End Enterprise Dashboards - Advanced Practice,Business Analytics,"Comprehensive training program focusing on power bi end-to-end enterprise dashboards with practical focus on advanced practice, case studies, and hands-on exercises.",7999,Advanced,Active
926,Certification Prep: CMA Final Cost & Management Audit,CMA,"Comprehensive training program focusing on cma final cost & management audit with practical focus on certification prep, case studies, and hands-on exercises.",13499,Advanced,Active
927,Recommendation Systems Engineering - In-Depth Series,Data Science,"Comprehensive training program focusing on recommendation systems engineering with practical focus on in-depth series, case studies, and hands-on exercises.",7499,Intermediate,Active
928,Real Estate Financial Modeling (REFM): In-Depth Series,Finance,"Comprehensive training program focusing on real estate financial modeling (refm) with practical focus on in-depth series, case studies, and hands-on exercises.",6999,Intermediate,Active
929,CS Professional Resolution of Corporate Disputes: Bootcamp,CS,"Comprehensive training program focusing on cs professional resolution of corporate disputes with practical focus on bootcamp, case studies, and hands-on exercises.",13499,Advanced,Active
930,Modern C++ and Low-Latency Development: Executive Training,Technology,"Comprehensive training program focusing on modern c++ and low-latency development with practical focus on executive training, case studies, and hands-on exercises.",5999,Intermediate,Active
931,Frameworks & Best Practices: Edge Computing & Cloud Migration Strategies,Cloud Computing,"Comprehensive training program focusing on edge computing & cloud migration strategies with practical focus on frameworks & best practices, case studies, and hands-on exercises.",6499,Intermediate,Active
932,Certification Prep: FRM (Financial Risk Manager) Level 2 Prep,Certification,"Comprehensive training program focusing on frm (financial risk manager) level 2 prep with practical focus on certification prep, case studies, and hands-on exercises.",10999,Advanced,Active
933,CA Foundation Business Mathematics: Frameworks & Best Practices,CA,"Comprehensive training program focusing on ca foundation business mathematics with practical focus on frameworks & best practices, case studies, and hands-on exercises.",7999,Beginner,Active
934,In-Depth Series: Consolidated Financial Statements Preparation,Accounting,"Comprehensive training program focusing on consolidated financial statements preparation with practical focus on in-depth series, case studies, and hands-on exercises.",4499,Intermediate,Active
935,Comprehensive Guide: CMA Intermediate Direct Taxation,CMA,"Comprehensive training program focusing on cma intermediate direct taxation with practical focus on comprehensive guide, case studies, and hands-on exercises.",9999,Intermediate,Active
936,Treasury & Balance Sheet Management: Real-World Projects,Banking,"Comprehensive training program focusing on treasury & balance sheet management with practical focus on real-world projects, case studies, and hands-on exercises.",5999,Intermediate,Active
937,Specialization: CMA Final Indirect Tax Laws & Practice,CMA,"Comprehensive training program focusing on cma final indirect tax laws & practice with practical focus on specialization, case studies, and hands-on exercises.",13499,Advanced,Active
938,Hands-on Workshop: Distributed Systems & Message Queues (Kafka/RabbitMQ),Technology,"Comprehensive training program focusing on distributed systems & message queues (kafka/rabbitmq) with practical focus on hands-on workshop, case studies, and hands-on exercises.",5999,Intermediate,Active
939,Credit Appraisal & Financial Ratios for Lending: Hands-on Workshop,Banking,"Comprehensive training program focusing on credit appraisal & financial ratios for lending with practical focus on hands-on workshop, case studies, and hands-on exercises.",5999,Intermediate,Active
940,Zero to Hero: Progressive Web Apps (PWA) Development,Technology,"Comprehensive training program focusing on progressive web apps (pwa) development with practical focus on zero to hero, case studies, and hands-on exercises.",4499,Beginner,Active
941,CMA Foundation Fundamentals of Laws & Ethics: Practical Applications,CMA,"Comprehensive training program focusing on cma foundation fundamentals of laws & ethics with practical focus on practical applications, case studies, and hands-on exercises.",6999,Beginner,Active
942,CMA Final Corporate Financial Reporting (CFR) - Advanced Practice,CMA,"Comprehensive training program focusing on cma final corporate financial reporting (cfr) with practical focus on advanced practice, case studies, and hands-on exercises.",13499,Advanced,Active
943,In-Depth Series: Data Engineering with Apache Spark & Hadoop,Data Science,"Comprehensive training program focusing on data engineering with apache spark & hadoop with practical focus on in-depth series, case studies, and hands-on exercises.",7499,Intermediate,Active
944,PMP (Project Management Professional) Exam Prep - Fundamentals,Certification,"Comprehensive training program focusing on pmp (project management professional) exam prep with practical focus on fundamentals, case studies, and hands-on exercises.",5999,Beginner,Active
945,AWS Certified Solutions Architect Professional: Practical Applications,Cloud Computing,"Comprehensive training program focusing on aws certified solutions architect professional with practical focus on practical applications, case studies, and hands-on exercises.",8999,Advanced,Active
946,Cloud Security Posture Management (CSPM): Fundamentals,Cybersecurity,"Comprehensive training program focusing on cloud security posture management (cspm) with practical focus on fundamentals, case studies, and hands-on exercises.",4999,Beginner,Active
947,FRM (Financial Risk Manager) Level 1 Prep: Crash Course,Certification,"Comprehensive training program focusing on frm (financial risk manager) level 1 prep with practical focus on crash course, case studies, and hands-on exercises.",5999,Beginner,Active
948,Forensic Accounting & Ledger Auditing - Strategy & Implementation,Accounting,"Comprehensive training program focusing on forensic accounting & ledger auditing with practical focus on strategy & implementation, case studies, and hands-on exercises.",4499,Intermediate,Active
949,CMA Foundation Fundamentals of Accounting: Practical Applications,CMA,"Comprehensive training program focusing on cma foundation fundamentals of accounting with practical focus on practical applications, case studies, and hands-on exercises.",6999,Beginner,Active
950,Mastery: Credit Appraisal & Financial Ratios for Lending,Banking,"Comprehensive training program focusing on credit appraisal & financial ratios for lending with practical focus on mastery, case studies, and hands-on exercises.",7999,Advanced,Active
951,Marketing Analytics & Attribution Modeling - Comprehensive Guide,Business Analytics,"Comprehensive training program focusing on marketing analytics & attribution modeling with practical focus on comprehensive guide, case studies, and hands-on exercises.",5999,Intermediate,Active
952,Comprehensive Guide: Tableau Desktop & Server for Business Insights,Business Analytics,"Comprehensive training program focusing on tableau desktop & server for business insights with practical focus on comprehensive guide, case studies, and hands-on exercises.",5999,Intermediate,Active
953,Frameworks & Best Practices: CMA Final Strategic Performance Management & Valuation,CMA,"Comprehensive training program focusing on cma final strategic performance management & valuation with practical focus on frameworks & best practices, case studies, and hands-on exercises.",13499,Advanced,Active
954,CS Professional Corporate Restructuring & Insolvency: In-Depth Series,CS,"Comprehensive training program focusing on cs professional corporate restructuring & insolvency with practical focus on in-depth series, case studies, and hands-on exercises.",13499,Advanced,Active
955,International Taxation & Transfer Pricing - Bootcamp,CA,"Comprehensive training program focusing on international taxation & transfer pricing with practical focus on bootcamp, case studies, and hands-on exercises.",10999,Intermediate,Active
956,Bootcamp: iOS Development with Swift & SwiftUI,Technology,"Comprehensive training program focusing on ios development with swift & swiftui with practical focus on bootcamp, case studies, and hands-on exercises.",5999,Intermediate,Active
957,Practical Applications: Forensic Accounting & Ledger Auditing,Accounting,"Comprehensive training program focusing on forensic accounting & ledger auditing with practical focus on practical applications, case studies, and hands-on exercises.",4499,Intermediate,Active
958,Mergers & Acquisitions (M&A) Execution: In-Depth Series,Finance,"Comprehensive training program focusing on mergers & acquisitions (m&a) execution with practical focus on in-depth series, case studies, and hands-on exercises.",6999,Intermediate,Active
959,Real-World Projects: FRM (Financial Risk Manager) Level 1 Prep,Certification,"Comprehensive training program focusing on frm (financial risk manager) level 1 prep with practical focus on real-world projects, case studies, and hands-on exercises.",5999,Beginner,Active
960,Real-World Projects: Forensic Accounting & Ledger Auditing,Accounting,"Comprehensive training program focusing on forensic accounting & ledger auditing with practical focus on real-world projects, case studies, and hands-on exercises.",4499,Intermediate,Active
961,Machine Learning from Scratch with Python - Hands-on Workshop,Data Science,"Comprehensive training program focusing on machine learning from scratch with python with practical focus on hands-on workshop, case studies, and hands-on exercises.",7499,Intermediate,Active
962,Mastery: Credit Risk Analysis & Underwriting,Finance,"Comprehensive training program focusing on credit risk analysis & underwriting with practical focus on mastery, case studies, and hands-on exercises.",9499,Advanced,Active
963,Crash Course: Kubernetes & Docker Container Orchestration,Technology,"Comprehensive training program focusing on kubernetes & docker container orchestration with practical focus on crash course, case studies, and hands-on exercises.",5999,Intermediate,Active
964,Comprehensive Guide: Corporate & Economic Laws,CA,"Comprehensive training program focusing on corporate & economic laws with practical focus on comprehensive guide, case studies, and hands-on exercises.",10999,Intermediate,Active
965,Crash Course: Full Stack Python with Django & React,Technology,"Comprehensive training program focusing on full stack python with django & react with practical focus on crash course, case studies, and hands-on exercises.",5999,Intermediate,Active
966,Zero Trust Architecture Implementation: Advanced Practice,Cybersecurity,"Comprehensive training program focusing on zero trust architecture implementation with practical focus on advanced practice, case studies, and hands-on exercises.",9499,Advanced,Active
967,Data Warehousing with Snowflake & BigQuery - Mastery,Data Science,"Comprehensive training program focusing on data warehousing with snowflake & bigquery with practical focus on mastery, case studies, and hands-on exercises.",10499,Advanced,Active
968,Practical Applications: Natural Language Processing & LLM Prompting,Data Science,"Comprehensive training program focusing on natural language processing & llm prompting with practical focus on practical applications, case studies, and hands-on exercises.",7499,Intermediate,Active
969,Hands-on Workshop: CS Professional Advanced Tax Laws,CS,"Comprehensive training program focusing on cs professional advanced tax laws with practical focus on hands-on workshop, case studies, and hands-on exercises.",13499,Advanced,Active
970,iOS Development with Swift & SwiftUI: Executive Training,Technology,"Comprehensive training program focusing on ios development with swift & swiftui with practical focus on executive training, case studies, and hands-on exercises.",5999,Intermediate,Active
971,Strategy & Implementation: Content Marketing & Inbound Lead Generation,Marketing,"Comprehensive training program focusing on content marketing & inbound lead generation with practical focus on strategy & implementation, case studies, and hands-on exercises.",4999,Intermediate,Active
972,"Specialization: Corporate Mergers, Demergers & Amalgamations Law",Law,"Comprehensive training program focusing on corporate mergers, demergers & amalgamations law with practical focus on specialization, case studies, and hands-on exercises.",5999,Intermediate,Active
973,SOC Analyst Level 1 & Threat Monitoring: Strategy & Implementation,Cybersecurity,"Comprehensive training program focusing on soc analyst level 1 & threat monitoring with practical focus on strategy & implementation, case studies, and hands-on exercises.",4999,Beginner,Active
974,CMA Intermediate Cost Accounting - Hands-on Workshop,CMA,"Comprehensive training program focusing on cma intermediate cost accounting with practical focus on hands-on workshop, case studies, and hands-on exercises.",9999,Intermediate,Active
975,CMA Foundation Fundamentals of Economics & Mgmt: Zero to Hero,CMA,"Comprehensive training program focusing on cma foundation fundamentals of economics & mgmt with practical focus on zero to hero, case studies, and hands-on exercises.",6999,Beginner,Active
976,Real-World Projects: CS Professional Secretarial Audit & Compliance,CS,"Comprehensive training program focusing on cs professional secretarial audit & compliance with practical focus on real-world projects, case studies, and hands-on exercises.",13499,Advanced,Active
977,CMA Foundation Fundamentals of Laws & Ethics: Zero to Hero,CMA,"Comprehensive training program focusing on cma foundation fundamentals of laws & ethics with practical focus on zero to hero, case studies, and hands-on exercises.",6999,Beginner,Active
978,Strategic Leadership & Executive Decision Making - In-Depth Series,Management,"Comprehensive training program focusing on strategic leadership & executive decision making with practical focus on in-depth series, case studies, and hands-on exercises.",5999,Intermediate,Active
979,CMA Intermediate Company Accounts & Audit - Certification Prep,CMA,"Comprehensive training program focusing on cma intermediate company accounts & audit with practical focus on certification prep, case studies, and hands-on exercises.",9999,Intermediate,Inactive
980,Strategic Cost Management & Evaluation - Practical Applications,CA,"Comprehensive training program focusing on strategic cost management & evaluation with practical focus on practical applications, case studies, and hands-on exercises.",10999,Intermediate,Active
981,CMA Final Strategic Performance Management & Valuation - Executive Training,CMA,"Comprehensive training program focusing on cma final strategic performance management & valuation with practical focus on executive training, case studies, and hands-on exercises.",13499,Advanced,Active
982,Bootcamp: B2B Sales Funnels & Account-Based Marketing (ABM),Marketing,"Comprehensive training program focusing on b2b sales funnels & account-based marketing (abm) with practical focus on bootcamp, case studies, and hands-on exercises.",4999,Intermediate,Active
983,Bootcamp: Search Engine Optimization (SEO) & Technical Audits,Marketing,"Comprehensive training program focusing on search engine optimization (seo) & technical audits with practical focus on bootcamp, case studies, and hands-on exercises.",4999,Intermediate,Active
984,Certified Management Accountant (US CMA) Prep - Frameworks & Best Practices,Certification,"Comprehensive training program focusing on certified management accountant (us cma) prep with practical focus on frameworks & best practices, case studies, and hands-on exercises.",7999,Intermediate,Active
985,Active Directory Security & Pentesting - Frameworks & Best Practices,Cybersecurity,"Comprehensive training program focusing on active directory security & pentesting with practical focus on frameworks & best practices, case studies, and hands-on exercises.",6999,Intermediate,Active
986,Edge Computing & Cloud Migration Strategies: Crash Course,Cloud Computing,"Comprehensive training program focusing on edge computing & cloud migration strategies with practical focus on crash course, case studies, and hands-on exercises.",6499,Intermediate,Active
987,CS Executive Company Law and Practice - Mastery,CS,"Comprehensive training program focusing on cs executive company law and practice with practical focus on mastery, case studies, and hands-on exercises.",13499,Advanced,Inactive
988,Drafting Commercial Contracts & Service Agreements: Bootcamp,Law,"Comprehensive training program focusing on drafting commercial contracts & service agreements with practical focus on bootcamp, case studies, and hands-on exercises.",5999,Intermediate,Active
989,Anti-Money Laundering (AML) & CFT Compliance in Banking - Bootcamp,Banking,"Comprehensive training program focusing on anti-money laundering (aml) & cft compliance in banking with practical focus on bootcamp, case studies, and hands-on exercises.",5999,Intermediate,Active
990,Drafting Commercial Contracts & Service Agreements - Advanced Practice,Law,"Comprehensive training program focusing on drafting commercial contracts & service agreements with practical focus on advanced practice, case studies, and hands-on exercises.",7999,Advanced,Active
991,Serverless Architecture on AWS Lambda - In-Depth Series,Technology,"Comprehensive training program focusing on serverless architecture on aws lambda with practical focus on in-depth series, case studies, and hands-on exercises.",7999,Advanced,Active
992,In-Depth Series: Google Cloud Associate Cloud Engineer,Cloud Computing,"Comprehensive training program focusing on google cloud associate cloud engineer with practical focus on in-depth series, case studies, and hands-on exercises.",4999,Beginner,Active
993,Recommendation Systems Engineering - Real-World Projects,Data Science,"Comprehensive training program focusing on recommendation systems engineering with practical focus on real-world projects, case studies, and hands-on exercises.",7499,Intermediate,Active
994,Strategy & Implementation: ESG Investing & Sustainable Finance Frameworks,Finance,"Comprehensive training program focusing on esg investing & sustainable finance frameworks with practical focus on strategy & implementation, case studies, and hands-on exercises.",6999,Intermediate,Active
995,Hands-on Workshop: AWS Certified Solutions Architect Associate,Cloud Computing,"Comprehensive training program focusing on aws certified solutions architect associate with practical focus on hands-on workshop, case studies, and hands-on exercises.",4999,Beginner,Inactive
996,In-Depth Series: Treasury & Balance Sheet Management,Banking,"Comprehensive training program focusing on treasury & balance sheet management with practical focus on in-depth series, case studies, and hands-on exercises.",5999,Intermediate,Inactive
997,"Advanced Practice: Data Governance, Privacy & Ethics",Data Science,"Comprehensive training program focusing on data governance, privacy & ethics with practical focus on advanced practice, case studies, and hands-on exercises.",10499,Advanced,Active
998,Crash Course: Certified Information Security Manager (CISM),Certification,"Comprehensive training program focusing on certified information security manager (cism) with practical focus on crash course, case studies, and hands-on exercises.",7999,Intermediate,Active
999,Power BI End-to-End Enterprise Dashboards: Frameworks & Best Practices,Business Analytics,"Comprehensive training program focusing on power bi end-to-end enterprise dashboards with practical focus on frameworks & best practices, case studies, and hands-on exercises.",5999,Intermediate,Active
1000,Bootcamp: Cloud Security Posture Management (CSPM),Cybersecurity,"Comprehensive training program focusing on cloud security posture management (cspm) with practical focus on bootcamp, case studies, and hands-on exercises.",6999,Intermediate,Active
1001,Business Model Innovation & Startup Scaling - Crash Course,Management,"Comprehensive training program focusing on business model innovation & startup scaling with practical focus on crash course, case studies, and hands-on exercises.",5999,Intermediate,Inactive
1002,Fundamentals: Cost Sheet Preparation & Variance Analysis,Accounting,"Comprehensive training program focusing on cost sheet preparation & variance analysis with practical focus on fundamentals, case studies, and hands-on exercises.",2999,Beginner,Active
1003,Expatriate Taxation & Dual Residence Issues: Executive Training,Taxation,"Comprehensive training program focusing on expatriate taxation & dual residence issues with practical focus on executive training, case studies, and hands-on exercises.",5499,Intermediate,Active
1004,Labor & Employment Laws Compliance: Specialization,Law,"Comprehensive training program focusing on labor & employment laws compliance with practical focus on specialization, case studies, and hands-on exercises.",5999,Intermediate,Active
1005,Frameworks & Best Practices: CS Executive Corporate & Management Accounting,CS,"Comprehensive training program focusing on cs executive corporate & management accounting with practical focus on frameworks & best practices, case studies, and hands-on exercises.",9999,Intermediate,Active
1006,Zero to Hero: Growth Hacking & Viral Loop Engineering,Marketing,"Comprehensive training program focusing on growth hacking & viral loop engineering with practical focus on zero to hero, case studies, and hands-on exercises.",3499,Beginner,Active
1007,Fundamentals: Excel VBA & Macro Automation for Analysts,Business Analytics,"Comprehensive training program focusing on excel vba & macro automation for analysts with practical focus on fundamentals, case studies, and hands-on exercises.",4499,Beginner,Active
1008,Cloud Security Posture Management (CSPM) - Bootcamp,Cybersecurity,"Comprehensive training program focusing on cloud security posture management (cspm) with practical focus on bootcamp, case studies, and hands-on exercises.",6999,Intermediate,Active
1009,Mastery: AWS Certified Solutions Architect Professional,Cloud Computing,"Comprehensive training program focusing on aws certified solutions architect professional with practical focus on mastery, case studies, and hands-on exercises.",8999,Advanced,Active
1010,Reinforcement Learning in Practice: Specialization,Data Science,"Comprehensive training program focusing on reinforcement learning in practice with practical focus on specialization, case studies, and hands-on exercises.",7499,Intermediate,Active
1011,Microsoft Azure Solutions Architect (AZ-305) - Real-World Projects,Cloud Computing,"Comprehensive training program focusing on microsoft azure solutions architect (az-305) with practical focus on real-world projects, case studies, and hands-on exercises.",8999,Advanced,Active
1012,CMA Foundation Fundamentals of Laws & Ethics: Hands-on Workshop,CMA,"Comprehensive training program focusing on cma foundation fundamentals of laws & ethics with practical focus on hands-on workshop, case studies, and hands-on exercises.",6999,Beginner,Active
1013,Zero to Hero: Fintech Innovations & Digital Payment Ecosystems,Banking,"Comprehensive training program focusing on fintech innovations & digital payment ecosystems with practical focus on zero to hero, case studies, and hands-on exercises.",4499,Beginner,Active
1014,Capital Gains Tax Planning & Exemptions - Bootcamp,Taxation,"Comprehensive training program focusing on capital gains tax planning & exemptions with practical focus on bootcamp, case studies, and hands-on exercises.",5499,Intermediate,Active
1015,Agile Sprint Planning & Jira Mastery - Frameworks & Best Practices,Management,"Comprehensive training program focusing on agile sprint planning & jira mastery with practical focus on frameworks & best practices, case studies, and hands-on exercises.",7999,Advanced,Active
1016,Certification Prep: Financial Services and Capital Markets,CA,"Comprehensive training program focusing on financial services and capital markets with practical focus on certification prep, case studies, and hands-on exercises.",10999,Intermediate,Active
1017,Deep Learning & Neural Architectures with PyTorch - Fundamentals,Data Science,"Comprehensive training program focusing on deep learning & neural architectures with pytorch with practical focus on fundamentals, case studies, and hands-on exercises.",5499,Beginner,Active
1018,Certification Prep: Six Sigma Green Belt Certification Training,Certification,"Comprehensive training program focusing on six sigma green belt certification training with practical focus on certification prep, case studies, and hands-on exercises.",7999,Intermediate,Active
1019,Mastery: Fixed Asset Accounting & Depreciation Schedules,Accounting,"Comprehensive training program focusing on fixed asset accounting & depreciation schedules with practical focus on mastery, case studies, and hands-on exercises.",5999,Advanced,Active
1020,Practical Applications: Modern C++ and Low-Latency Development,Technology,"Comprehensive training program focusing on modern c++ and low-latency development with practical focus on practical applications, case studies, and hands-on exercises.",5999,Intermediate,Active
1021,Marketing Automation with HubSpot & ActiveCampaign: Fundamentals,Marketing,"Comprehensive training program focusing on marketing automation with hubspot & activecampaign with practical focus on fundamentals, case studies, and hands-on exercises.",3499,Beginner,Inactive
1022,Android App Development with Kotlin & Jetpack: In-Depth Series,Technology,"Comprehensive training program focusing on android app development with kotlin & jetpack with practical focus on in-depth series, case studies, and hands-on exercises.",5999,Intermediate,Active
1023,Computer Vision with OpenCV & PyTorch: Specialization,Data Science,"Comprehensive training program focusing on computer vision with opencv & pytorch with practical focus on specialization, case studies, and hands-on exercises.",7499,Intermediate,Active
1024,In-Depth Series: Change Management in Enterprise Organizations,Management,"Comprehensive training program focusing on change management in enterprise organizations with practical focus on in-depth series, case studies, and hands-on exercises.",5999,Intermediate,Active
1025,Generative AI & Diffusion Models - Hands-on Workshop,Data Science,"Comprehensive training program focusing on generative ai & diffusion models with practical focus on hands-on workshop, case studies, and hands-on exercises.",7499,Intermediate,Active
1026,PMP (Project Management Professional) Exam Prep: Crash Course,Certification,"Comprehensive training program focusing on pmp (project management professional) exam prep with practical focus on crash course, case studies, and hands-on exercises.",10999,Advanced,Active
1027,International Taxation & Transfer Pricing: In-Depth Series,CA,"Comprehensive training program focusing on international taxation & transfer pricing with practical focus on in-depth series, case studies, and hands-on exercises.",10999,Intermediate,Active
1028,Strategy & Implementation: AWS Certified Solutions Architect Professional,Cloud Computing,"Comprehensive training program focusing on aws certified solutions architect professional with practical focus on strategy & implementation, case studies, and hands-on exercises.",8999,Advanced,Active
1029,Natural Language Processing & LLM Prompting: Crash Course,Data Science,"Comprehensive training program focusing on natural language processing & llm prompting with practical focus on crash course, case studies, and hands-on exercises.",7499,Intermediate,Active
1030,Valuation under Companies Act - Zero to Hero,CA,"Comprehensive training program focusing on valuation under companies act with practical focus on zero to hero, case studies, and hands-on exercises.",7999,Beginner,Active
1031,A/B Testing & Conversion Rate Optimization (CRO) - Hands-on Workshop,Business Analytics,"Comprehensive training program focusing on a/b testing & conversion rate optimization (cro) with practical focus on hands-on workshop, case studies, and hands-on exercises.",5999,Intermediate,Active
1032,Strategy & Implementation: Certified Information Security Manager (CISM),Certification,"Comprehensive training program focusing on certified information security manager (cism) with practical focus on strategy & implementation, case studies, and hands-on exercises.",7999,Intermediate,Active
1033,Web Application Penetration Testing - Specialization,Cybersecurity,"Comprehensive training program focusing on web application penetration testing with practical focus on specialization, case studies, and hands-on exercises.",6999,Intermediate,Active
1034,CA Foundation Accounting Basics: Real-World Projects,CA,"Comprehensive training program focusing on ca foundation accounting basics with practical focus on real-world projects, case studies, and hands-on exercises.",7999,Beginner,Active
1035,Certification Prep: E-commerce Growth on Amazon & Shopify,Marketing,"Comprehensive training program focusing on e-commerce growth on amazon & shopify with practical focus on certification prep, case studies, and hands-on exercises.",4999,Intermediate,Active
1036,Fundamentals: Credit Risk Analysis & Underwriting,Finance,"Comprehensive training program focusing on credit risk analysis & underwriting with practical focus on fundamentals, case studies, and hands-on exercises.",4999,Beginner,Active
1037,Feature Engineering & Selection Techniques: Strategy & Implementation,Data Science,"Comprehensive training program focusing on feature engineering & selection techniques with practical focus on strategy & implementation, case studies, and hands-on exercises.",7499,Intermediate,Active
1038,Microsoft Azure Administrator (AZ-104) - Crash Course,Cloud Computing,"Comprehensive training program focusing on microsoft azure administrator (az-104) with practical focus on crash course, case studies, and hands-on exercises.",6499,Intermediate,Active
1039,CMA Intermediate Laws & Ethics - Specialization,CMA,"Comprehensive training program focusing on cma intermediate laws & ethics with practical focus on specialization, case studies, and hands-on exercises.",9999,Intermediate,Active
1040,Specialization: Java Spring Boot Enterprise Architecture,Technology,"Comprehensive training program focusing on java spring boot enterprise architecture with practical focus on specialization, case studies, and hands-on exercises.",7999,Advanced,Active
1041,Customs Law & Foreign Trade Policy (FTP): Mastery,Taxation,"Comprehensive training program focusing on customs law & foreign trade policy (ftp) with practical focus on mastery, case studies, and hands-on exercises.",7499,Advanced,Active
1042,Direct Tax Laws and International Taxation: Advanced Practice,CA,"Comprehensive training program focusing on direct tax laws and international taxation with practical focus on advanced practice, case studies, and hands-on exercises.",14999,Advanced,Active
1043,CS Professional Resolution of Corporate Disputes - Crash Course,CS,"Comprehensive training program focusing on cs professional resolution of corporate disputes with practical focus on crash course, case studies, and hands-on exercises.",13499,Advanced,Active
1044,Distributed Systems & Message Queues (Kafka/RabbitMQ) - Real-World Projects,Technology,"Comprehensive training program focusing on distributed systems & message queues (kafka/rabbitmq) with practical focus on real-world projects, case studies, and hands-on exercises.",5999,Intermediate,Active
1045,CS Professional Secretarial Audit & Compliance - Mastery,CS,"Comprehensive training program focusing on cs professional secretarial audit & compliance with practical focus on mastery, case studies, and hands-on exercises.",13499,Advanced,Active
1046,Comprehensive Guide: KPI Scorecards & Executive Reporting,Business Analytics,"Comprehensive training program focusing on kpi scorecards & executive reporting with practical focus on comprehensive guide, case studies, and hands-on exercises.",5999,Intermediate,Inactive
1047,Insolvency & Bankruptcy Code (IBC) Mastery: Real-World Projects,CS,"Comprehensive training program focusing on insolvency & bankruptcy code (ibc) mastery with practical focus on real-world projects, case studies, and hands-on exercises.",13499,Advanced,Active
1048,Fundamentals: Progressive Web Apps (PWA) Development,Technology,"Comprehensive training program focusing on progressive web apps (pwa) development with practical focus on fundamentals, case studies, and hands-on exercises.",4499,Beginner,Active
1049,Comprehensive Guide: CMA Intermediate Cost & Management Accounting and Financial Mgmt,CMA,"Comprehensive training program focusing on cma intermediate cost & management accounting and financial mgmt with practical focus on comprehensive guide, case studies, and hands-on exercises.",9999,Intermediate,Active
1050,Letter of Credit (LC) & Bank Guarantee Mechanism - Crash Course,Banking,"Comprehensive training program focusing on letter of credit (lc) & bank guarantee mechanism with practical focus on crash course, case studies, and hands-on exercises.",5999,Intermediate,Inactive
1051,FRM (Financial Risk Manager) Level 2 Prep: In-Depth Series,Certification,"Comprehensive training program focusing on frm (financial risk manager) level 2 prep with practical focus on in-depth series, case studies, and hands-on exercises.",10999,Advanced,Active
1052,CS Professional Secretarial Audit & Compliance - Practical Applications,CS,"Comprehensive training program focusing on cs professional secretarial audit & compliance with practical focus on practical applications, case studies, and hands-on exercises.",13499,Advanced,Active
1053,Supply Chain Analytics & Optimization: Crash Course,Business Analytics,"Comprehensive training program focusing on supply chain analytics & optimization with practical focus on crash course, case studies, and hands-on exercises.",5999,Intermediate,Active
1054,Zero to Hero: Private Equity Deal Structuring,Finance,"Comprehensive training program focusing on private equity deal structuring with practical focus on zero to hero, case studies, and hands-on exercises.",4999,Beginner,Active
1055,CA Foundation Mercantile Law - Frameworks & Best Practices,CA,"Comprehensive training program focusing on ca foundation mercantile law with practical focus on frameworks & best practices, case studies, and hands-on exercises.",7999,Beginner,Inactive
1056,Real-World Projects: CMA Intermediate Direct Taxation,CMA,"Comprehensive training program focusing on cma intermediate direct taxation with practical focus on real-world projects, case studies, and hands-on exercises.",9999,Intermediate,Active
1057,Comprehensive Guide: SEBI Compliance & Listing Obligations (LODR),CS,"Comprehensive training program focusing on sebi compliance & listing obligations (lodr) with practical focus on comprehensive guide, case studies, and hands-on exercises.",9999,Intermediate,Active
1058,"Legal Drafting, Notice Writing & Petitions: Crash Course",Law,"Comprehensive training program focusing on legal drafting, notice writing & petitions with practical focus on crash course, case studies, and hands-on exercises.",5999,Intermediate,Active
1059,Executive Training: Alteryx for Data Prep & ETL Automation,Business Analytics,"Comprehensive training program focusing on alteryx for data prep & etl automation with practical focus on executive training, case studies, and hands-on exercises.",5999,Intermediate,Active
1060,"Data Governance, Privacy & Ethics - Frameworks & Best Practices",Data Science,"Comprehensive training program focusing on data governance, privacy & ethics with practical focus on frameworks & best practices, case studies, and hands-on exercises.",7499,Intermediate,Active
1061,Customer Lifetime Value & Churn Modeling: Strategy & Implementation,Business Analytics,"Comprehensive training program focusing on customer lifetime value & churn modeling with practical focus on strategy & implementation, case studies, and hands-on exercises.",5999,Intermediate,Active
1062,Crash Course: Terraform for Multi-Cloud Infrastructure as Code,Cloud Computing,"Comprehensive training program focusing on terraform for multi-cloud infrastructure as code with practical focus on crash course, case studies, and hands-on exercises.",6499,Intermediate,Active
1063,Marketing Automation with HubSpot & ActiveCampaign: Hands-on Workshop,Marketing,"Comprehensive training program focusing on marketing automation with hubspot & activecampaign with practical focus on hands-on workshop, case studies, and hands-on exercises.",4999,Intermediate,Active
1064,"Product Management: MVP, Strategy & Roadmapping - Certification Prep",Management,"Comprehensive training program focusing on product management: mvp, strategy & roadmapping with practical focus on certification prep, case studies, and hands-on exercises.",5999,Intermediate,Active
1065,CompTIA Security+ Exam Preparation: Zero to Hero,Cybersecurity,"Comprehensive training program focusing on comptia security+ exam preparation with practical focus on zero to hero, case studies, and hands-on exercises.",4999,Beginner,Active
1066,"Comprehensive Guide: Payroll Accounting, EPF & ESIC Compliance",Accounting,"Comprehensive training program focusing on payroll accounting, epf & esic compliance with practical focus on comprehensive guide, case studies, and hands-on exercises.",4499,Intermediate,Active
1067,Cloud Native Storage & Database Architectures: Advanced Practice,Cloud Computing,"Comprehensive training program focusing on cloud native storage & database architectures with practical focus on advanced practice, case studies, and hands-on exercises.",8999,Advanced,Active
1068,CMA Final Corporate Laws & Compliance - In-Depth Series,CMA,"Comprehensive training program focusing on cma final corporate laws & compliance with practical focus on in-depth series, case studies, and hands-on exercises.",13499,Advanced,Active
1069,CMA Final Direct Tax Laws & International Taxation: Bootcamp,CMA,"Comprehensive training program focusing on cma final direct tax laws & international taxation with practical focus on bootcamp, case studies, and hands-on exercises.",13499,Advanced,Active
1070,CMA Intermediate Company Accounts & Audit: Advanced Practice,CMA,"Comprehensive training program focusing on cma intermediate company accounts & audit with practical focus on advanced practice, case studies, and hands-on exercises.",13499,Advanced,Active
1071,HR Analytics & People Metrics - In-Depth Series,Business Analytics,"Comprehensive training program focusing on hr analytics & people metrics with practical focus on in-depth series, case studies, and hands-on exercises.",5999,Intermediate,Active
1072,Certification Prep: Data Visualization with Matplotlib & Seaborn,Data Science,"Comprehensive training program focusing on data visualization with matplotlib & seaborn with practical focus on certification prep, case studies, and hands-on exercises.",7499,Intermediate,Active
1073,Fundamentals: Reinforcement Learning in Practice,Data Science,"Comprehensive training program focusing on reinforcement learning in practice with practical focus on fundamentals, case studies, and hands-on exercises.",5499,Beginner,Active
1074,CMA Foundation Business Mathematics & Statistics: In-Depth Series,CMA,"Comprehensive training program focusing on cma foundation business mathematics & statistics with practical focus on in-depth series, case studies, and hands-on exercises.",6999,Beginner,Active
1075,Certified Information Systems Auditor (CISA) - Hands-on Workshop,Certification,"Comprehensive training program focusing on certified information systems auditor (cisa) with practical focus on hands-on workshop, case studies, and hands-on exercises.",7999,Intermediate,Active
1076,Specialization: Data Visualization with Matplotlib & Seaborn,Data Science,"Comprehensive training program focusing on data visualization with matplotlib & seaborn with practical focus on specialization, case studies, and hands-on exercises.",7499,Intermediate,Inactive
1077,Fundamentals: Growth Hacking & Viral Loop Engineering,Marketing,"Comprehensive training program focusing on growth hacking & viral loop engineering with practical focus on fundamentals, case studies, and hands-on exercises.",3499,Beginner,Active
1078,Zero to Hero: Tally Prime with GST & Inventory Management,Accounting,"Comprehensive training program focusing on tally prime with gst & inventory management with practical focus on zero to hero, case studies, and hands-on exercises.",2999,Beginner,Active
1079,Strategy & Implementation: Brand Management & Positioning Strategy,Marketing,"Comprehensive training program focusing on brand management & positioning strategy with practical focus on strategy & implementation, case studies, and hands-on exercises.",4999,Intermediate,Active
1080,Frameworks & Best Practices: CMA Intermediate Cost & Management Accounting and Financial Mgmt,CMA,"Comprehensive training program focusing on cma intermediate cost & management accounting and financial mgmt with practical focus on frameworks & best practices, case studies, and hands-on exercises.",9999,Intermediate,Active
1081,Retail Banking Operations & Customer KYC - Zero to Hero,Banking,"Comprehensive training program focusing on retail banking operations & customer kyc with practical focus on zero to hero, case studies, and hands-on exercises.",4499,Beginner,Active
1082,Forex Dealing Room Operations: Zero to Hero,Banking,"Comprehensive training program focusing on forex dealing room operations with practical focus on zero to hero, case studies, and hands-on exercises.",4499,Beginner,Active
1083,Java Spring Boot Enterprise Architecture - Comprehensive Guide,Technology,"Comprehensive training program focusing on java spring boot enterprise architecture with practical focus on comprehensive guide, case studies, and hands-on exercises.",7999,Advanced,Active
1084,Zero Trust Architecture Implementation - Mastery,Cybersecurity,"Comprehensive training program focusing on zero trust architecture implementation with practical focus on mastery, case studies, and hands-on exercises.",9499,Advanced,Inactive
1085,Distributed Systems & Message Queues (Kafka/RabbitMQ): Strategy & Implementation,Technology,"Comprehensive training program focusing on distributed systems & message queues (kafka/rabbitmq) with practical focus on strategy & implementation, case studies, and hands-on exercises.",5999,Intermediate,Active
1086,Applied Statistics & Hypothesis Testing - In-Depth Series,Data Science,"Comprehensive training program focusing on applied statistics & hypothesis testing with practical focus on in-depth series, case studies, and hands-on exercises.",7499,Intermediate,Active
1087,Certification Prep: CS Professional Corporate Restructuring & Insolvency,CS,"Comprehensive training program focusing on cs professional corporate restructuring & insolvency with practical focus on certification prep, case studies, and hands-on exercises.",13499,Advanced,Active
1088,Corporate Tax Assessment & Scrutiny Appeals - Zero to Hero,Taxation,"Comprehensive training program focusing on corporate tax assessment & scrutiny appeals with practical focus on zero to hero, case studies, and hands-on exercises.",3999,Beginner,Active
1089,Specialization: Certified Internal Auditor (CIA) Comprehensive,Certification,"Comprehensive training program focusing on certified internal auditor (cia) comprehensive with practical focus on specialization, case studies, and hands-on exercises.",7999,Intermediate,Active
1090,Microsoft Azure Solutions Architect (AZ-305) - Fundamentals,Cloud Computing,"Comprehensive training program focusing on microsoft azure solutions architect (az-305) with practical focus on fundamentals, case studies, and hands-on exercises.",4999,Beginner,Active
1091,Credit Risk Analysis & Underwriting - Executive Training,Finance,"Comprehensive training program focusing on credit risk analysis & underwriting with practical focus on executive training, case studies, and hands-on exercises.",6999,Intermediate,Active
1092,Forensic Accounting for CA Practice: Advanced Practice,CA,"Comprehensive training program focusing on forensic accounting for ca practice with practical focus on advanced practice, case studies, and hands-on exercises.",14999,Advanced,Active
1093,Comprehensive Guide: Certified Information Systems Auditor (CISA),Certification,"Comprehensive training program focusing on certified information systems auditor (cisa) with practical focus on comprehensive guide, case studies, and hands-on exercises.",7999,Intermediate,Active
1094,CS Professional Multidisciplinary Case Studies - Crash Course,CS,"Comprehensive training program focusing on cs professional multidisciplinary case studies with practical focus on crash course, case studies, and hands-on exercises.",13499,Advanced,Active
1095,Certified Information Security Manager (CISM) - Real-World Projects,Certification,"Comprehensive training program focusing on certified information security manager (cism) with practical focus on real-world projects, case studies, and hands-on exercises.",7999,Intermediate,Active
1096,CMA Intermediate Operations Mgmt & Strategic Mgmt: Advanced Practice,CMA,"Comprehensive training program focusing on cma intermediate operations mgmt & strategic mgmt with practical focus on advanced practice, case studies, and hands-on exercises.",13499,Advanced,Active
1097,Hands-on Workshop: Performance Marketing & Paid Ads on Meta & Google,Marketing,"Comprehensive training program focusing on performance marketing & paid ads on meta & google with practical focus on hands-on workshop, case studies, and hands-on exercises.",4999,Intermediate,Active
1098,CMA Foundation Fundamentals of Laws & Ethics: Strategy & Implementation,CMA,"Comprehensive training program focusing on cma foundation fundamentals of laws & ethics with practical focus on strategy & implementation, case studies, and hands-on exercises.",6999,Beginner,Active
1099,Retail Banking Operations & Customer KYC - Practical Applications,Banking,"Comprehensive training program focusing on retail banking operations & customer kyc with practical focus on practical applications, case studies, and hands-on exercises.",5999,Intermediate,Active
1100,Zero to Hero: Data Engineering with Apache Spark & Hadoop,Data Science,"Comprehensive training program focusing on data engineering with apache spark & hadoop with practical focus on zero to hero, case studies, and hands-on exercises.",5499,Beginner,Active
1101,Accounts Payable & Receivable Automation: Comprehensive Guide,Accounting,"Comprehensive training program focusing on accounts payable & receivable automation with practical focus on comprehensive guide, case studies, and hands-on exercises.",4499,Intermediate,Active
1102,Network Security Architecture & Firewalls - Advanced Practice,Cybersecurity,"Comprehensive training program focusing on network security architecture & firewalls with practical focus on advanced practice, case studies, and hands-on exercises.",9499,Advanced,Inactive
1103,Practical Applications: Cross-Functional Team Collaboration & OKRs,Management,"Comprehensive training program focusing on cross-functional team collaboration & okrs with practical focus on practical applications, case studies, and hands-on exercises.",5999,Intermediate,Active
1104,Strategy & Implementation: Data Engineering with Apache Spark & Hadoop,Data Science,"Comprehensive training program focusing on data engineering with apache spark & hadoop with practical focus on strategy & implementation, case studies, and hands-on exercises.",7499,Intermediate,Active
1105,Fixed Asset Accounting & Depreciation Schedules - Certification Prep,Accounting,"Comprehensive training program focusing on fixed asset accounting & depreciation schedules with practical focus on certification prep, case studies, and hands-on exercises.",4499,Intermediate,Active
1106,Microservices Design Patterns - Specialization,Technology,"Comprehensive training program focusing on microservices design patterns with practical focus on specialization, case studies, and hands-on exercises.",5999,Intermediate,Inactive
1107,Kubernetes & Docker Container Orchestration: Frameworks & Best Practices,Technology,"Comprehensive training program focusing on kubernetes & docker container orchestration with practical focus on frameworks & best practices, case studies, and hands-on exercises.",5999,Intermediate,Inactive
1108,Rust Programming Systems Engineering - Strategy & Implementation,Technology,"Comprehensive training program focusing on rust programming systems engineering with practical focus on strategy & implementation, case studies, and hands-on exercises.",5999,Intermediate,Active
1109,Crash Course: Looker Studio & Modern BI Reporting,Business Analytics,"Comprehensive training program focusing on looker studio & modern bi reporting with practical focus on crash course, case studies, and hands-on exercises.",5999,Intermediate,Active
1110,Incident Response & Digital Forensics (DFIR) - Fundamentals,Cybersecurity,"Comprehensive training program focusing on incident response & digital forensics (dfir) with practical focus on fundamentals, case studies, and hands-on exercises.",4999,Beginner,Active
1111,HR Analytics & People Metrics - Comprehensive Guide,Business Analytics,"Comprehensive training program focusing on hr analytics & people metrics with practical focus on comprehensive guide, case studies, and hands-on exercises.",5999,Intermediate,Active
1112,Accounts Payable & Receivable Automation - Crash Course,Accounting,"Comprehensive training program focusing on accounts payable & receivable automation with practical focus on crash course, case studies, and hands-on exercises.",4499,Intermediate,Active
1113,CompTIA Security+ Exam Preparation: Crash Course,Cybersecurity,"Comprehensive training program focusing on comptia security+ exam preparation with practical focus on crash course, case studies, and hands-on exercises.",6999,Intermediate,Active
1114,Full Stack JavaScript with MERN: Mastery,Technology,"Comprehensive training program focusing on full stack javascript with mern with practical focus on mastery, case studies, and hands-on exercises.",7999,Advanced,Active
1115,Advanced Practice: QuickBooks Online Practical Bookkeeping,Accounting,"Comprehensive training program focusing on quickbooks online practical bookkeeping with practical focus on advanced practice, case studies, and hands-on exercises.",5999,Advanced,Active
